,recovery,temperature,code1,code2,share1,share2
0,5,36.975435404223184,AHS,AWB,0.01,0.99
1,10,56.291056753545504,AHS,AWB,0.01,0.99
2,20,178.019587743876,AHS,AWB,0.01,0.99
3,30,317.2139206548023,AHS,AWB,0.01,0.99
4,40,394.896997737648,AHS,AWB,0.01,0.99
5,50,463.47547875245095,AHS,AWB,0.01,0.99
6,60,541.1492656469187,AHS,AWB,0.01,0.99
7,70,670.4649872704705,AHS,AWB,0.01,0.99
8,80,,AHS,AWB,0.01,0.99
9,90,,AHS,AWB,0.01,0.99
10,95,,AHS,AWB,0.01,0.99
11,99,,AHS,AWB,0.01,0.99
0,5,37.00964472087085,AHS,AWB,0.02,0.98
1,10,56.479463358186074,AHS,AWB,0.02,0.98
2,20,178.03917499228905,AHS,AWB,0.02,0.98
3,30,317.5292613743802,AHS,AWB,0.02,0.98
4,40,395.3939063317396,AHS,AWB,0.02,0.98
5,50,463.9472501668157,AHS,AWB,0.02,0.98
6,60,541.0993733527386,AHS,AWB,0.02,0.98
7,70,628.6066103864504,AHS,AWB,0.02,0.98
8,80,,AHS,AWB,0.02,0.98
9,90,,AHS,AWB,0.02,0.98
10,95,,AHS,AWB,0.02,0.98
11,99,,AHS,AWB,0.02,0.98
0,5,37.04851710603772,AHS,AWB,0.03,0.97
1,10,56.66778330160584,AHS,AWB,0.03,0.97
2,20,178.0587621821442,AHS,AWB,0.03,0.97
3,30,317.8459649171751,AHS,AWB,0.03,0.97
4,40,395.89089736278476,AHS,AWB,0.03,0.97
5,50,464.4148888728551,AHS,AWB,0.03,0.97
6,60,541.0502905142516,AHS,AWB,0.03,0.97
7,70,628.0410034943347,AHS,AWB,0.03,0.97
8,80,,AHS,AWB,0.03,0.97
9,90,,AHS,AWB,0.03,0.97
10,95,,AHS,AWB,0.03,0.97
11,99,,AHS,AWB,0.03,0.97
0,5,37.092776137481074,AHS,AWB,0.04,0.96
1,10,56.85700584974621,AHS,AWB,0.04,0.96
2,20,178.07834974378775,AHS,AWB,0.04,0.96
3,30,318.1638056518413,AHS,AWB,0.04,0.96
4,40,396.3878400525452,AHS,AWB,0.04,0.96
5,50,464.87848886029286,AHS,AWB,0.04,0.96
6,60,541.001997417846,AHS,AWB,0.04,0.96
7,70,627.2806917455584,AHS,AWB,0.04,0.96
8,80,,AHS,AWB,0.04,0.96
9,90,,AHS,AWB,0.04,0.96
10,95,,AHS,AWB,0.04,0.96
11,99,,AHS,AWB,0.04,0.96
0,5,37.14174590521219,AHS,AWB,0.05,0.95
1,10,57.04803845910456,AHS,AWB,0.05,0.95
2,20,178.0979381009946,AHS,AWB,0.05,0.95
3,30,318.48289343122127,AHS,AWB,0.05,0.95
4,40,396.8847651381151,AHS,AWB,0.05,0.95
5,50,465.3380293150827,AHS,AWB,0.05,0.95
6,60,540.9544745924761,AHS,AWB,0.05,0.95
7,70,626.5281337303383,AHS,AWB,0.05,0.95
8,80,,AHS,AWB,0.05,0.95
9,90,,AHS,AWB,0.05,0.95
10,95,,AHS,AWB,0.05,0.95
11,99,,AHS,AWB,0.05,0.95
0,5,37.19477967666307,AHS,AWB,0.06,0.94
1,10,57.24041123159993,AHS,AWB,0.06,0.94
2,20,178.11752767095444,AHS,AWB,0.06,0.94
3,30,318.8033207866359,AHS,AWB,0.06,0.94
4,40,397.3816978529203,AHS,AWB,0.06,0.94
5,50,465.79348817777196,AHS,AWB,0.06,0.94
6,60,540.9077031522751,AHS,AWB,0.06,0.94
7,70,625.7862324295397,AHS,AWB,0.06,0.94
8,80,,AHS,AWB,0.06,0.94
9,90,,AHS,AWB,0.06,0.94
10,95,,AHS,AWB,0.06,0.94
11,99,,AHS,AWB,0.06,0.94
0,5,37.25125929267997,AHS,AWB,0.07,0.93
1,10,57.43377308467737,AHS,AWB,0.07,0.93
2,20,178.13711886425818,AHS,AWB,0.07,0.93
3,30,319.12514953829304,AHS,AWB,0.07,0.93
4,40,397.87862731967067,AHS,AWB,0.07,0.93
5,50,466.2448533272278,AHS,AWB,0.07,0.93
6,60,540.861665275697,AHS,AWB,0.07,0.93
7,70,625.0548532001491,AHS,AWB,0.07,0.93
8,80,,AHS,AWB,0.07,0.93
9,90,,AHS,AWB,0.07,0.93
10,95,,AHS,AWB,0.07,0.93
11,99,,AHS,AWB,0.07,0.93
0,5,37.31059458035865,AHS,AWB,0.08,0.92
1,10,57.628169743105374,AHS,AWB,0.08,0.92
2,20,178.15671208488484,AHS,AWB,0.08,0.92
3,30,319.44839154151896,AHS,AWB,0.08,0.92
4,40,398.37557440145974,AHS,AWB,0.08,0.92
5,50,466.6921103331325,AHS,AWB,0.08,0.92
6,60,540.8163437005239,AHS,AWB,0.08,0.92
7,70,624.3338550210564,AHS,AWB,0.08,0.92
8,80,,AHS,AWB,0.08,0.92
9,90,,AHS,AWB,0.08,0.92
10,95,,AHS,AWB,0.08,0.92
11,99,,AHS,AWB,0.08,0.92
0,5,37.37222278241887,AHS,AWB,0.09,0.91
1,10,57.82364577646664,AHS,AWB,0.09,0.91
2,20,178.17630773018783,AHS,AWB,0.09,0.91
3,30,319.773098968029,AHS,AWB,0.09,0.91
4,40,398.87252705401215,AHS,AWB,0.09,0.91
5,50,467.1352570369631,AHS,AWB,0.09,0.91
6,60,540.771721701585,AHS,AWB,0.09,0.91
7,70,623.6230940587095,AHS,AWB,0.09,0.91
8,80,,AHS,AWB,0.09,0.91
9,90,,AHS,AWB,0.09,0.91
10,95,,AHS,AWB,0.09,0.91
11,99,,AHS,AWB,0.09,0.91
0,5,37.435608002827024,AHS,AWB,0.1,0.9
1,10,58.02024465008216,AHS,AWB,0.1,0.9
2,20,178.19590619088132,AHS,AWB,0.1,0.9
3,30,320.0993361296427,AHS,AWB,0.1,0.9
4,40,399.36950551669054,AHS,AWB,0.1,0.9
5,50,467.5742868293258,AHS,AWB,0.1,0.9
6,60,540.7277830702055,AHS,AWB,0.1,0.9
7,70,622.9224249444113,AHS,AWB,0.1,0.9
8,80,,AHS,AWB,0.1,0.9
9,90,,AHS,AWB,0.1,0.9
10,95,,AHS,AWB,0.1,0.9
11,99,,AHS,AWB,0.1,0.9
0,5,37.500240668386766,AHS,AWB,0.11,0.89
1,10,58.21801284184916,AHS,AWB,0.11,0.89
2,20,178.21550785102707,AHS,AWB,0.11,0.89
3,30,320.4271189181198,AHS,AWB,0.11,0.89
4,40,399.8664966325611,AHS,AWB,0.11,0.89
5,50,468.0092044636868,AHS,AWB,0.11,0.89
6,60,540.6845120945777,AHS,AWB,0.11,0.89
7,70,622.2316988759824,AHS,AWB,0.11,0.89
8,80,,AHS,AWB,0.11,0.89
9,90,,AHS,AWB,0.11,0.89
10,95,,AHS,AWB,0.11,0.89
11,99,,AHS,AWB,0.11,0.89
0,5,37.56563700602882,AHS,AWB,0.12,0.88
1,10,58.41699197204529,AHS,AWB,0.12,0.88
2,20,178.23511308802054,AHS,AWB,0.12,0.88
3,30,320.75649646329896,AHS,AWB,0.12,0.88
4,40,400.363519990229,AHS,AWB,0.12,0.88
5,50,468.44001348962473,AHS,AWB,0.12,0.88
6,60,540.6418935410069,AHS,AWB,0.12,0.88
7,70,621.5507627033656,AHS,AWB,0.12,0.88
8,80,,AHS,AWB,0.12,0.88
9,90,,AHS,AWB,0.12,0.88
10,95,,AHS,AWB,0.12,0.88
11,99,,AHS,AWB,0.12,0.88
0,5,37.6313385355416,AHS,AWB,0.13,0.87
1,10,58.6172188475107,AHS,AWB,0.13,0.87
2,20,178.25472227257765,AHS,AWB,0.13,0.87
3,30,321.0875345104015,AHS,AWB,0.13,0.87
4,40,400.86056137304035,AHS,AWB,0.13,0.87
5,50,468.86672106906593,AHS,AWB,0.13,0.87
6,60,540.5999126359887,AHS,AWB,0.13,0.87
7,70,620.8794657105256,AHS,AWB,0.13,0.87
8,80,,AHS,AWB,0.13,0.87
9,90,,AHS,AWB,0.13,0.87
10,95,,AHS,AWB,0.13,0.87
11,99,,AHS,AWB,0.13,0.87
0,5,37.69691157749551,AHS,AWB,0.14,0.86
1,10,58.818729219102586,AHS,AWB,0.14,0.86
2,20,178.27433576872087,AHS,AWB,0.14,0.86
3,30,321.4202522915611,AHS,AWB,0.14,0.86
4,40,401.357639690738,AHS,AWB,0.14,0.86
5,50,469.28934304068474,AHS,AWB,0.14,0.86
6,60,540.5585550490763,AHS,AWB,0.14,0.86
7,70,620.2176555317183,AHS,AWB,0.14,0.86
8,80,,AHS,AWB,0.14,0.86
9,90,,AHS,AWB,0.14,0.86
10,95,,AHS,AWB,0.14,0.86
11,99,,AHS,AWB,0.14,0.86
0,5,37.76194677612445,AHS,AWB,0.15,0.85
1,10,59.02155798531085,AHS,AWB,0.15,0.85
2,20,178.29395393376583,AHS,AWB,0.15,0.85
3,30,321.7546982274821,AHS,AWB,0.15,0.85
4,40,401.8547397177044,AHS,AWB,0.15,0.85
5,50,469.7078870124194,AHS,AWB,0.15,0.85
6,60,540.5178068764965,AHS,AWB,0.15,0.85
7,70,619.5651750903287,AHS,AWB,0.15,0.85
8,80,,AHS,AWB,0.15,0.85
9,90,,AHS,AWB,0.15,0.85
10,95,,AHS,AWB,0.15,0.85
11,99,,AHS,AWB,0.15,0.85
0,5,37.82605863693873,AHS,AWB,0.16,0.84
1,10,59.22576135151319,AHS,AWB,0.16,0.84
2,20,178.31357711830785,AHS,AWB,0.16,0.84
3,30,322.09093886597907,AHS,AWB,0.16,0.84
4,40,402.35187965670815,AHS,AWB,0.16,0.84
5,50,470.1223779751942,AHS,AWB,0.16,0.84
6,60,540.4776546254793,AHS,AWB,0.16,0.84
7,70,618.9218725976115,AHS,AWB,0.16,0.84
8,80,,AHS,AWB,0.16,0.84
9,90,,AHS,AWB,0.16,0.84
10,95,,AHS,AWB,0.16,0.84
11,99,,AHS,AWB,0.16,0.84
0,5,37.888885078854464,AHS,AWB,0.17,0.83
1,10,59.431391006935634,AHS,AWB,0.17,0.83
2,20,178.33320566620796,AHS,AWB,0.17,0.83
3,30,322.4289953783756,AHS,AWB,0.17,0.83
4,40,402.8490433211703,AHS,AWB,0.17,0.83
5,50,470.5328283040125,AHS,AWB,0.17,0.83
6,60,540.4380851992646,AHS,AWB,0.17,0.83
7,70,618.2875945908207,AHS,AWB,0.17,0.83
8,80,,AHS,AWB,0.17,0.83
9,90,,AHS,AWB,0.17,0.83
10,95,,AHS,AWB,0.17,0.83
11,99,,AHS,AWB,0.17,0.83
0,5,37.950087000634895,AHS,AWB,0.18,0.82
1,10,59.63848370797814,AHS,AWB,0.18,0.82
2,20,178.35283991457933,AHS,AWB,0.18,0.82
3,30,322.7689180745156,AHS,AWB,0.18,0.82
4,40,403.3462481796102,AHS,AWB,0.18,0.82
5,50,470.93926407526067,AHS,AWB,0.18,0.82
6,60,540.3990858827528,AHS,AWB,0.18,0.82
7,70,617.6621842432884,AHS,AWB,0.18,0.82
8,80,,AHS,AWB,0.18,0.82
9,90,,AHS,AWB,0.18,0.82
10,95,,AHS,AWB,0.18,0.82
11,99,,AHS,AWB,0.18,0.82
0,5,38.009375571879204,AHS,AWB,0.19,0.81
1,10,59.84707492157046,AHS,AWB,0.19,0.81
2,20,178.37248019377398,AHS,AWB,0.19,0.81
3,30,323.11077362924874,AHS,AWB,0.19,0.81
4,40,403.84347712935295,AHS,AWB,0.19,0.81
5,50,471.3417109902366,AHS,AWB,0.19,0.81
6,60,540.3606443287687,AHS,AWB,0.19,0.81
7,70,617.0454926050189,AHS,AWB,0.19,0.81
8,80,,AHS,AWB,0.19,0.81
9,90,,AHS,AWB,0.19,0.81
10,95,,AHS,AWB,0.19,0.81
11,99,,AHS,AWB,0.19,0.81
0,5,38.06788931321558,AHS,AWB,0.2,0.8
1,10,60.05720069461882,AHS,AWB,0.2,0.8
2,20,178.3921268273687,AHS,AWB,0.2,0.8
3,30,323.4545839486834,AHS,AWB,0.2,0.8
4,40,404.3407468788762,AHS,AWB,0.2,0.8
5,50,471.7401887560668,AHS,AWB,0.2,0.8
6,60,540.3227485449065,AHS,AWB,0.2,0.8
7,70,616.4373649382092,AHS,AWB,0.2,0.8
8,80,,AHS,AWB,0.2,0.8
9,90,,AHS,AWB,0.2,0.8
10,95,,AHS,AWB,0.2,0.8
11,99,,AHS,AWB,0.2,0.8
0,5,38.12635317538689,AHS,AWB,0.21,0.79
1,10,60.26893117244199,AHS,AWB,0.21,0.79
2,20,178.41178013215136,AHS,AWB,0.21,0.79
3,30,323.80040366484405,AHS,AWB,0.21,0.79
4,40,404.83803945092825,AHS,AWB,0.21,0.79
5,50,472.1347349826173,AHS,AWB,0.21,0.79
6,60,540.2853868809328,AHS,AWB,0.21,0.79
7,70,615.8376504151933,AHS,AWB,0.21,0.79
8,80,,AHS,AWB,0.21,0.79
9,90,,AHS,AWB,0.21,0.79
10,95,,AHS,AWB,0.21,0.79
11,99,,AHS,AWB,0.21,0.79
0,5,38.18476473559553,AHS,AWB,0.22,0.78
1,10,60.4823167023518,AHS,AWB,0.22,0.78
2,20,178.43144041810748,AHS,AWB,0.22,0.78
3,30,324.1482983981873,AHS,AWB,0.22,0.78
4,40,405.3353707701049,AHS,AWB,0.22,0.78
5,50,472.5253696656277,AHS,AWB,0.22,0.78
6,60,540.2485480167129,AHS,AWB,0.22,0.78
7,70,615.2462028032376,AHS,AWB,0.22,0.78
8,80,,AHS,AWB,0.22,0.78
9,90,,AHS,AWB,0.22,0.78
10,95,,AHS,AWB,0.22,0.78
11,99,,AHS,AWB,0.22,0.78
0,5,38.243122517169766,AHS,AWB,0.23,0.77
1,10,60.6973929397539,AHS,AWB,0.23,0.77
2,20,178.45110798840628,AHS,AWB,0.23,0.77
3,30,324.49829067192536,AHS,AWB,0.23,0.77
4,40,405.83272202268404,AHS,AWB,0.23,0.77
5,50,472.91212912913215,AHS,AWB,0.23,0.77
6,60,540.212220950644,AHS,AWB,0.23,0.77
7,70,614.662868902955,AHS,AWB,0.23,0.77
8,80,,AHS,AWB,0.23,0.77
9,90,,AHS,AWB,0.23,0.77
10,95,,AHS,AWB,0.23,0.77
11,99,,AHS,AWB,0.23,0.77
0,5,38.30142593972466,AHS,AWB,0.24,0.76
1,10,60.91419385424264,AHS,AWB,0.24,0.76
2,20,178.4707831393869,AHS,AWB,0.24,0.76
3,30,324.85044127578897,AHS,AWB,0.24,0.76
4,40,406.3301083278153,AHS,AWB,0.24,0.76
5,50,473.2950490635716,AHS,AWB,0.24,0.76
6,60,540.1763949885652,AHS,AWB,0.24,0.76
7,70,614.0875076975663,AHS,AWB,0.24,0.76
8,80,,AHS,AWB,0.24,0.76
9,90,,AHS,AWB,0.24,0.76
10,95,,AHS,AWB,0.24,0.76
11,99,,AHS,AWB,0.24,0.76
0,5,38.35967527133564,AHS,AWB,0.25,0.75
1,10,61.132764512643355,AHS,AWB,0.25,0.75
2,20,178.49046616054468,AHS,AWB,0.25,0.75
3,30,325.2048126395367,AHS,AWB,0.25,0.75
4,40,406.8275100700597,AHS,AWB,0.25,0.75
5,50,473.6741539381104,AHS,AWB,0.25,0.75
6,60,540.1410597331237,AHS,AWB,0.25,0.75
7,70,613.5199702702472,AHS,AWB,0.25,0.75
8,80,,AHS,AWB,0.25,0.75
9,90,,AHS,AWB,0.25,0.75
10,95,,AHS,AWB,0.25,0.75
11,99,,AHS,AWB,0.25,0.75
0,5,38.4178715826488,AHS,AWB,0.26,0.74
1,10,61.35318963658145,AHS,AWB,0.26,0.74
2,20,178.51015733451757,AHS,AWB,0.26,0.74
3,30,325.561429747795,AHS,AWB,0.26,0.74
4,40,407.32494154402673,AHS,AWB,0.26,0.74
5,50,474.0494898579052,AHS,AWB,0.26,0.74
6,60,540.1062050735759,AHS,AWB,0.26,0.74
7,70,612.9601161850317,AHS,AWB,0.26,0.74
8,80,,AHS,AWB,0.26,0.74
9,90,,AHS,AWB,0.26,0.74
10,95,,AHS,AWB,0.26,0.74
11,99,,AHS,AWB,0.26,0.74
0,5,38.4760167028549,AHS,AWB,0.27,0.73
1,10,61.575509258799784,AHS,AWB,0.27,0.73
2,20,178.529856937072,AHS,AWB,0.27,0.73
3,30,325.9203603533932,AHS,AWB,0.27,0.73
4,40,407.82238236412616,AHS,AWB,0.27,0.73
5,50,474.4210852210905,AHS,AWB,0.27,0.73
6,60,540.0718211760039,AHS,AWB,0.27,0.73
7,70,612.4078051926541,AHS,AWB,0.27,0.73
8,80,,AHS,AWB,0.27,0.73
9,90,,AHS,AWB,0.27,0.73
10,95,,AHS,AWB,0.27,0.73
11,99,,AHS,AWB,0.27,0.73
0,5,38.53411317745678,AHS,AWB,0.28,0.72
1,10,61.79975593962988,AHS,AWB,0.28,0.72
2,20,178.54956523708924,AHS,AWB,0.28,0.72
3,30,326.2816601723054,AHS,AWB,0.28,0.72
4,40,408.3198459838898,AHS,AWB,0.28,0.72
5,50,474.78897655594096,AHS,AWB,0.28,0.72
6,60,540.0378984739253,AHS,AWB,0.28,0.72
7,70,611.8628957900944,AHS,AWB,0.28,0.72
8,80,,AHS,AWB,0.28,0.72
9,90,,AHS,AWB,0.28,0.72
10,95,,AHS,AWB,0.28,0.72
11,99,,AHS,AWB,0.28,0.72
0,5,38.592164227762595,AHS,AWB,0.29,0.71
1,10,62.02596050925035,AHS,AWB,0.29,0.71
2,20,178.56928249655155,AHS,AWB,0.29,0.71
3,30,326.6453613073468,AHS,AWB,0.29,0.71
4,40,408.8173112762095,AHS,AWB,0.29,0.71
5,50,475.15321115195604,AHS,AWB,0.29,0.71
6,60,540.0044276592814,AHS,AWB,0.29,0.71
7,70,611.3252560456795,AHS,AWB,0.29,0.71
8,80,,AHS,AWB,0.29,0.71
9,90,,AHS,AWB,0.29,0.71
10,95,,AHS,AWB,0.29,0.71
11,99,,AHS,AWB,0.29,0.71
0,5,38.6501737120396,AHS,AWB,0.3,0.7
1,10,62.2542064698898,AHS,AWB,0.3,0.7
2,20,178.58900897052825,AHS,AWB,0.3,0.7
3,30,327.0115377905351,AHS,AWB,0.3,0.7
4,40,409.3147908395529,AHS,AWB,0.3,0.7
5,50,475.5138145722182,AHS,AWB,0.3,0.7
6,60,539.9713995945951,AHS,AWB,0.3,0.7
7,70,610.7947456476725,AHS,AWB,0.3,0.7
8,80,,AHS,AWB,0.3,0.7
9,90,,AHS,AWB,0.3,0.7
10,95,,AHS,AWB,0.3,0.7
11,99,,AHS,AWB,0.3,0.7
0,5,38.70814608826595,AHS,AWB,0.31,0.69
1,10,62.48456046788244,AHS,AWB,0.31,0.69
2,20,178.608744907162,AHS,AWB,0.31,0.69
3,30,327.3802334011547,AHS,AWB,0.31,0.69
4,40,409.812262831327,AHS,AWB,0.31,0.69
5,50,475.8708322684287,AHS,AWB,0.31,0.69
6,60,539.9388053448853,AHS,AWB,0.31,0.69
7,70,610.2712391121694,AHS,AWB,0.31,0.69
8,80,,AHS,AWB,0.31,0.69
9,90,,AHS,AWB,0.31,0.69
10,95,,AHS,AWB,0.31,0.69
11,99,,AHS,AWB,0.31,0.69
0,5,38.76608637842011,AHS,AWB,0.32,0.68
1,10,62.7170517010446,AHS,AWB,0.32,0.68
2,20,178.62849054765465,AHS,AWB,0.32,0.68
3,30,327.75149554399866,AHS,AWB,0.32,0.68
4,40,410.3097389834109,AHS,AWB,0.32,0.68
5,50,476.2243093925045,AHS,AWB,0.32,0.68
6,60,539.90663634613,AHS,AWB,0.32,0.68
7,70,609.7545993015599,AHS,AWB,0.32,0.68
8,80,,AHS,AWB,0.32,0.68
9,90,,AHS,AWB,0.32,0.68
10,95,,AHS,AWB,0.32,0.68
11,99,,AHS,AWB,0.32,0.68
0,5,38.824000134249765,AHS,AWB,0.33,0.67
1,10,62.9517062067763,AHS,AWB,0.33,0.67
2,20,178.64824612625355,AHS,AWB,0.33,0.67
3,30,328.12539866401033,AHS,AWB,0.33,0.67
4,40,410.8071967615625,AHS,AWB,0.33,0.67
5,50,476.5742726321201,AHS,AWB,0.33,0.67
6,60,539.8748842636293,AHS,AWB,0.33,0.67
7,70,609.2447060424458,AHS,AWB,0.33,0.67
8,80,,AHS,AWB,0.33,0.67
9,90,,AHS,AWB,0.33,0.67
10,95,,AHS,AWB,0.33,0.67
11,99,,AHS,AWB,0.33,0.67
0,5,38.88189340446429,AHS,AWB,0.34,0.66
1,10,63.188583954259755,AHS,AWB,0.34,0.66
2,20,178.66801187023768,AHS,AWB,0.34,0.66
3,30,328.501977241804,AHS,AWB,0.34,0.66
4,40,411.3046470218456,AHS,AWB,0.34,0.66
5,50,476.9207721316071,AHS,AWB,0.34,0.66
6,60,539.8435409824125,AHS,AWB,0.34,0.66
7,70,608.7414262615035,AHS,AWB,0.34,0.66
8,80,,AHS,AWB,0.34,0.66
9,90,,AHS,AWB,0.34,0.66
10,95,,AHS,AWB,0.34,0.66
11,99,,AHS,AWB,0.34,0.66
0,5,38.939772703297095,AHS,AWB,0.35,0.65
1,10,63.42778628659361,AHS,AWB,0.35,0.65
2,20,178.68778799990332,AHS,AWB,0.35,0.65
3,30,328.88129650414396,AHS,AWB,0.35,0.65
4,40,411.8020665604764,AHS,AWB,0.35,0.65
5,50,477.263850505785,AHS,AWB,0.35,0.65
6,60,539.8125985998903,AHS,AWB,0.35,0.65
7,70,608.2446447179442,AHS,AWB,0.35,0.65
8,80,,AHS,AWB,0.35,0.65
9,90,,AHS,AWB,0.35,0.65
10,95,,AHS,AWB,0.35,0.65
11,99,,AHS,AWB,0.35,0.65
0,5,38.997644980385715,AHS,AWB,0.36,0.64
1,10,63.66933846068565,AHS,AWB,0.36,0.64
2,20,178.70757472855055,AHS,AWB,0.36,0.64
3,30,329.2634224183227,AHS,AWB,0.36,0.64
4,40,412.2994653505364,AHS,AWB,0.36,0.64
5,50,477.60353655363656,AHS,AWB,0.36,0.64
6,60,539.7820494188064,AHS,AWB,0.36,0.64
7,70,607.7542326334444,AHS,AWB,0.36,0.64
8,80,,AHS,AWB,0.36,0.64
9,90,,AHS,AWB,0.36,0.64
10,95,,AHS,AWB,0.36,0.64
11,99,,AHS,AWB,0.36,0.64
0,5,39.05546906570407,AHS,AWB,0.37,0.63
1,10,63.913258983486315,AHS,AWB,0.37,0.63
2,20,178.7273722624689,AHS,AWB,0.37,0.63
3,30,329.6483926468574,AHS,AWB,0.37,0.63
4,40,412.79681953961176,AHS,AWB,0.37,0.63
5,50,477.93988231919093,AHS,AWB,0.37,0.63
6,60,539.7518859404761,AHS,AWB,0.37,0.63
7,70,607.2700796425389,AHS,AWB,0.37,0.63
8,80,,AHS,AWB,0.37,0.63
9,90,,AHS,AWB,0.37,0.63
10,95,,AHS,AWB,0.37,0.63
11,99,,AHS,AWB,0.37,0.63
0,5,39.11319628848255,AHS,AWB,0.38,0.62
1,10,64.15959280811433,AHS,AWB,0.38,0.62
2,20,178.74718080092367,AHS,AWB,0.38,0.62
3,30,330.03628517598986,AHS,AWB,0.38,0.62
4,40,413.2941382123836,AHS,AWB,0.38,0.62
5,50,478.27292908222086,AHS,AWB,0.38,0.62
6,60,539.7221008582951,AHS,AWB,0.38,0.62
7,70,606.7920613244245,AHS,AWB,0.38,0.62
8,80,,AHS,AWB,0.38,0.62
9,90,,AHS,AWB,0.38,0.62
10,95,,AHS,AWB,0.38,0.62
11,99,,AHS,AWB,0.38,0.62
0,5,39.17083569844407,AHS,AWB,0.39,0.61
1,10,64.40846084905857,AHS,AWB,0.39,0.61
2,20,178.7670005361416,AHS,AWB,0.39,0.61
3,30,330.427148049907,AHS,AWB,0.39,0.61
4,40,413.79139688812717,AHS,AWB,0.39,0.61
5,50,478.6027064899071,AHS,AWB,0.39,0.61
6,60,539.6926870515093,AHS,AWB,0.39,0.61
7,70,606.3200719631575,AHS,AWB,0.39,0.61
8,80,,AHS,AWB,0.39,0.61
9,90,,AHS,AWB,0.39,0.61
10,95,,AHS,AWB,0.39,0.61
11,99,,AHS,AWB,0.39,0.61
0,5,39.22839722412487,AHS,AWB,0.4,0.6
1,10,64.6598842635853,AHS,AWB,0.4,0.6
2,20,178.7868316532971,AHS,AWB,0.4,0.6
3,30,330.8210395989479,AHS,AWB,0.4,0.6
4,40,414.2886037590594,AHS,AWB,0.4,0.6
5,50,478.92926682308234,AHS,AWB,0.4,0.6
6,60,539.6636375792301,AHS,AWB,0.4,0.6
7,70,605.8539919150317,AHS,AWB,0.4,0.6
8,80,,AHS,AWB,0.4,0.6
9,90,,AHS,AWB,0.4,0.6
10,95,,AHS,AWB,0.4,0.6
11,99,,AHS,AWB,0.4,0.6
0,5,39.28589152678156,AHS,AWB,0.41,0.59
1,10,64.91386917677956,AHS,AWB,0.41,0.59
2,20,178.806674330498,AHS,AWB,0.41,0.59
3,30,331.21803484821595,AHS,AWB,0.41,0.59
4,40,414.78573373655314,AHS,AWB,0.41,0.59
5,50,479.2526520611973,AHS,AWB,0.41,0.59
6,60,539.6349456746844,AHS,AWB,0.41,0.59
7,70,605.3937192023297,AHS,AWB,0.41,0.59
8,80,,AHS,AWB,0.41,0.59
9,90,,AHS,AWB,0.41,0.59
10,95,,AHS,AWB,0.41,0.59
11,99,,AHS,AWB,0.41,0.59
0,5,39.34332994458213,AHS,AWB,0.42,0.58
1,10,65.17045605936524,AHS,AWB,0.42,0.58
2,20,178.82652873877157,AHS,AWB,0.42,0.58
3,30,331.61817513510755,AHS,AWB,0.42,0.58
4,40,415.2827941171653,AHS,AWB,0.42,0.58
5,50,479.5728904807152,AHS,AWB,0.42,0.58
6,60,539.6066047396902,AHS,AWB,0.42,0.58
7,70,604.939140274885,AHS,AWB,0.42,0.58
8,80,,AHS,AWB,0.42,0.58
9,90,,AHS,AWB,0.42,0.58
10,95,,AHS,AWB,0.42,0.58
11,99,,AHS,AWB,0.42,0.58
0,5,39.40072443951415,AHS,AWB,0.43,0.57
1,10,65.4297760494404,AHS,AWB,0.43,0.57
2,20,178.84639504205046,AHS,AWB,0.43,0.57
3,30,332.02153930737757,AHS,AWB,0.43,0.57
4,40,415.77975922563695,AHS,AWB,0.43,0.57
5,50,479.8900334607036,AHS,AWB,0.43,0.57
6,60,539.578608339344,AHS,AWB,0.43,0.57
7,70,604.4901547695832,AHS,AWB,0.43,0.57
8,80,,AHS,AWB,0.43,0.57
9,90,,AHS,AWB,0.43,0.57
10,95,,AHS,AWB,0.43,0.57
11,99,,AHS,AWB,0.43,0.57
0,5,39.45808754689133,AHS,AWB,0.44,0.56
1,10,65.69183450179098,AHS,AWB,0.44,0.56
2,20,178.86627339715847,AHS,AWB,0.44,0.56
3,30,332.4281824291133,AHS,AWB,0.44,0.56
4,40,416.27663545994125,AHS,AWB,0.44,0.56
5,50,480.2041255899529,AHS,AWB,0.44,0.56
6,60,539.5509501969148,AHS,AWB,0.44,0.56
7,70,604.0466578210794,AHS,AWB,0.44,0.56
8,80,,AHS,AWB,0.44,0.56
9,90,,AHS,AWB,0.44,0.56
10,95,,AHS,AWB,0.44,0.56
11,99,,AHS,AWB,0.44,0.56
0,5,39.51543232734445,AHS,AWB,0.45,0.55
1,10,65.95661832284367,AHS,AWB,0.45,0.55
2,20,178.88616395379665,AHS,AWB,0.45,0.55
3,30,332.8381655442654,AHS,AWB,0.45,0.55
4,40,416.77339658120286,AHS,AWB,0.45,0.55
5,50,480.51519231053135,AHS,AWB,0.45,0.55
6,60,539.5236241889289,AHS,AWB,0.45,0.55
7,70,603.6085473056445,AHS,AWB,0.45,0.55
8,80,,AHS,AWB,0.45,0.55
9,90,,AHS,AWB,0.45,0.55
10,95,,AHS,AWB,0.45,0.55
11,99,,AHS,AWB,0.45,0.55
0,5,39.572772321187706,AHS,AWB,0.46,0.54
1,10,66.22418564354162,AHS,AWB,0.46,0.54
2,20,178.9060668545289,AHS,AWB,0.46,0.54
3,30,333.2515657836387,AHS,AWB,0.46,0.54
4,40,417.2700480854369,AHS,AWB,0.46,0.54
5,50,480.82328266015304,AHS,AWB,0.46,0.54
6,60,539.4966243404456,AHS,AWB,0.46,0.54
7,70,603.1757292548637,AHS,AWB,0.46,0.54
8,80,,AHS,AWB,0.46,0.54
9,90,,AHS,AWB,0.46,0.54
10,95,,AHS,AWB,0.46,0.54
11,99,,AHS,AWB,0.46,0.54
0,5,39.630121505056046,AHS,AWB,0.47,0.53
1,10,66.49465649223157,AHS,AWB,0.47,0.53
2,20,178.92598223476801,AHS,AWB,0.47,0.53
3,30,333.66843054339444,AHS,AWB,0.47,0.53
4,40,417.7665631959221,AHS,AWB,0.47,0.53
5,50,481.1284445395806,AHS,AWB,0.47,0.53
6,60,539.4699448205047,AHS,AWB,0.47,0.53
7,70,602.7480999028301,AHS,AWB,0.47,0.53
8,80,,AHS,AWB,0.47,0.53
9,90,,AHS,AWB,0.47,0.53
10,95,,AHS,AWB,0.47,0.53
11,99,,AHS,AWB,0.47,0.53
0,5,39.68749425071385,AHS,AWB,0.48,0.52
1,10,66.76800327807246,AHS,AWB,0.48,0.52
2,20,178.94591022276128,AHS,AWB,0.48,0.52
3,30,334.08884281996217,AHS,AWB,0.48,0.52
4,40,418.2629465020154,AHS,AWB,0.48,0.52
5,50,481.4307018460527,AHS,AWB,0.48,0.52
6,60,539.4435799377482,AHS,AWB,0.48,0.52
7,70,602.325573603809,AHS,AWB,0.48,0.52
8,80,,AHS,AWB,0.48,0.52
9,90,,AHS,AWB,0.48,0.52
10,95,,AHS,AWB,0.48,0.52
11,99,,AHS,AWB,0.48,0.52
0,5,39.744905285939204,AHS,AWB,0.49,0.51
1,10,67.04418788707295,AHS,AWB,0.49,0.51
2,20,178.96585093957648,AHS,AWB,0.49,0.51
3,30,334.51285640249495,AHS,AWB,0.49,0.51
4,40,418.7591707188401,AHS,AWB,0.49,0.51
5,50,481.7300985565208,AHS,AWB,0.49,0.51
6,60,539.4175241362022,AHS,AWB,0.49,0.51
7,70,601.9080492364388,AHS,AWB,0.49,0.51
8,80,,AHS,AWB,0.49,0.51
9,90,,AHS,AWB,0.49,0.51
10,95,,AHS,AWB,0.49,0.51
11,99,,AHS,AWB,0.49,0.51
0,5,39.80236965739257,AHS,AWB,0.5,0.5
1,10,67.32333333765357,AHS,AWB,0.5,0.5
2,20,178.9858044990877,AHS,AWB,0.5,0.5
3,30,334.9405443099855,AHS,AWB,0.5,0.5
4,40,419.25523952201667,AHS,AWB,0.5,0.5
5,50,482.0266842234825,AHS,AWB,0.5,0.5
6,60,539.391771991214,AHS,AWB,0.5,0.5
7,70,601.4954431678312,AHS,AWB,0.5,0.5
8,80,716.8676994799462,AHS,AWB,0.5,0.5
9,90,,AHS,AWB,0.5,0.5
10,95,,AHS,AWB,0.5,0.5
11,99,,AHS,AWB,0.5,0.5
0,5,39.85990269538216,AHS,AWB,0.51,0.49
1,10,67.60548131031382,AHS,AWB,0.51,0.49
2,20,179.00577095415818,AHS,AWB,0.51,0.49
3,30,335.37197782428626,AHS,AWB,0.51,0.49
4,40,419.7511251534681,AHS,AWB,0.51,0.49
5,50,482.3204874241116,AHS,AWB,0.51,0.49
6,60,539.3663182055362,AHS,AWB,0.51,0.49
7,70,601.0876640156296,AHS,AWB,0.51,0.49
8,80,713.1559873836468,AHS,AWB,0.51,0.49
9,90,,AHS,AWB,0.51,0.49
10,95,,AHS,AWB,0.51,0.49
11,99,,AHS,AWB,0.51,0.49
0,5,39.91751998044233,AHS,AWB,0.52,0.48
1,10,67.89056438385218,AHS,AWB,0.52,0.48
2,20,179.02574949386184,AHS,AWB,0.52,0.48
3,30,335.807215776889,AHS,AWB,0.52,0.48
4,40,420.24683036436335,AHS,AWB,0.52,0.48
5,50,482.6115419956895,AHS,AWB,0.52,0.48
6,60,539.3411576055562,AHS,AWB,0.52,0.48
7,70,600.6846223086529,AHS,AWB,0.52,0.48
8,80,709.6856397329686,AHS,AWB,0.52,0.48
9,90,,AHS,AWB,0.52,0.48
10,95,,AHS,AWB,0.52,0.48
11,99,,AHS,AWB,0.52,0.48
0,5,39.97523731164486,AHS,AWB,0.53,0.47
1,10,68.17856363661681,AHS,AWB,0.53,0.47
2,20,179.0457398830441,AHS,AWB,0.53,0.47
3,30,336.24634131292134,AHS,AWB,0.53,0.47
4,40,420.7423269651976,AHS,AWB,0.53,0.47
5,50,482.8998960626341,AHS,AWB,0.53,0.47
6,60,539.3162851376569,AHS,AWB,0.53,0.47
7,70,600.2862403803406,AHS,AWB,0.53,0.47
8,80,706.4306844517027,AHS,AWB,0.53,0.47
9,90,,AHS,AWB,0.53,0.47
10,95,,AHS,AWB,0.53,0.47
11,99,,AHS,AWB,0.53,0.47
0,5,40.033038822022924,AHS,AWB,0.54,0.46
1,10,68.4696305610842,AHS,AWB,0.54,0.46
2,20,179.06574221034776,AHS,AWB,0.54,0.46
3,30,336.68940900922803,AHS,AWB,0.54,0.46
4,40,421.237616766839,AHS,AWB,0.54,0.46
5,50,483.1855899213889,AHS,AWB,0.54,0.46
6,60,539.2916958647107,AHS,AWB,0.54,0.46
7,70,599.8924264769436,AHS,AWB,0.54,0.46
8,80,703.3672665087372,AHS,AWB,0.54,0.46
9,90,,AHS,AWB,0.54,0.46
10,95,,AHS,AWB,0.54,0.46
11,99,,AHS,AWB,0.54,0.46
0,5,40.09079945353602,AHS,AWB,0.55,0.45
1,10,68.76368871386374,AHS,AWB,0.55,0.45
2,20,179.08575656309463,AHS,AWB,0.55,0.45
3,30,337.136504138578,AHS,AWB,0.55,0.45
4,40,421.7326711987402,AHS,AWB,0.55,0.45
5,50,483.46864510085913,AHS,AWB,0.55,0.45
6,60,539.267384962697,AHS,AWB,0.55,0.45
7,70,599.5031071996955,AHS,AWB,0.55,0.45
8,80,700.4755118555622,AHS,AWB,0.55,0.45
9,90,,AHS,AWB,0.55,0.45
10,95,,AHS,AWB,0.55,0.45
11,99,,AHS,AWB,0.55,0.45
0,5,40.14852755274602,AHS,AWB,0.56,0.44
1,10,69.06062794283933,AHS,AWB,0.56,0.44
2,20,179.1057830272814,AHS,AWB,0.56,0.44
3,30,337.5876851129367,AHS,AWB,0.56,0.44
4,40,422.2274911087149,AHS,AWB,0.56,0.44
5,50,483.7491059102117,AHS,AWB,0.56,0.44
6,60,539.2433477174378,AHS,AWB,0.56,0.44
7,70,599.1182000389996,AHS,AWB,0.56,0.44
8,80,697.7386391844867,AHS,AWB,0.56,0.44
9,90,,AHS,AWB,0.56,0.44
10,95,,AHS,AWB,0.56,0.44
11,99,,AHS,AWB,0.56,0.44
0,5,40.206250477297345,AHS,AWB,0.57,0.43
1,10,69.36057139192795,AHS,AWB,0.57,0.43
2,20,179.12582168757604,AHS,AWB,0.57,0.43
3,30,338.04303310773156,AHS,AWB,0.57,0.43
4,40,422.72204760623856,AHS,AWB,0.57,0.43
5,50,484.0270181922149,AHS,AWB,0.57,0.43
6,60,539.21957952145,AHS,AWB,0.57,0.43
7,70,598.7376235258438,AHS,AWB,0.57,0.43
8,80,695.142321676856,AHS,AWB,0.57,0.43
9,90,,AHS,AWB,0.57,0.43
10,95,,AHS,AWB,0.57,0.43
11,99,,AHS,AWB,0.57,0.43
0,5,40.26399634323918,AHS,AWB,0.58,0.42
1,10,69.66349992231477,AHS,AWB,0.58,0.42
2,20,179.14587262731305,AHS,AWB,0.58,0.42
3,30,338.50261431015724,AHS,AWB,0.58,0.42
4,40,423.2163405443395,AHS,AWB,0.58,0.42
5,50,484.3024071093934,AHS,AWB,0.58,0.42
6,60,539.1960758709041,AHS,AWB,0.58,0.42
7,70,598.3613099497184,AHS,AWB,0.58,0.42
8,80,692.6741939703383,AHS,AWB,0.58,0.42
9,90,,AHS,AWB,0.58,0.42
10,95,,AHS,AWB,0.58,0.42
11,99,,AHS,AWB,0.58,0.42
0,5,40.32179396318821,AHS,AWB,0.59,0.41
1,10,69.96925174541893,AHS,AWB,0.59,0.41
2,20,179.1659359284906,AHS,AWB,0.59,0.41
3,30,338.9665032102973,AHS,AWB,0.59,0.41
4,40,423.7103407866316,AHS,AWB,0.59,0.41
5,50,484.57530336374043,AHS,AWB,0.59,0.41
6,60,539.1728323626917,AHS,AWB,0.59,0.41
7,70,597.9891769485075,AHS,AWB,0.59,0.41
8,80,690.3235159400776,AHS,AWB,0.59,0.41
9,90,,AHS,AWB,0.59,0.41
10,95,,AHS,AWB,0.59,0.41
11,99,,AHS,AWB,0.59,0.41
0,5,40.379672787192696,AHS,AWB,0.6,0.4
1,10,70.27782611043207,AHS,AWB,0.6,0.4
2,20,179.1860116717654,AHS,AWB,0.6,0.4
3,30,339.4347743009803,AHS,AWB,0.6,0.4
4,40,424.2040471482394,AHS,AWB,0.6,0.4
5,50,484.8457511859592,AHS,AWB,0.6,0.4
6,60,539.1498446915899,AHS,AWB,0.6,0.4
7,70,597.6211554231328,AHS,AWB,0.6,0.4
8,80,688.0808638270795,AHS,AWB,0.6,0.4
9,90,,AHS,AWB,0.6,0.4
10,95,,AHS,AWB,0.6,0.4
11,99,,AHS,AWB,0.6,0.4
0,5,40.437662846193945,AHS,AWB,0.61,0.39
1,10,70.58929529528943,AHS,AWB,0.61,0.39
2,20,179.20609993644968,AHS,AWB,0.61,0.39
3,30,339.9074960959157,AHS,AWB,0.61,0.39
4,40,424.69743033678634,AHS,AWB,0.61,0.39
5,50,485.1137912324453,AHS,AWB,0.61,0.39
6,60,539.1271086475252,AHS,AWB,0.61,0.39
7,70,597.2571767493524,AHS,AWB,0.61,0.39
8,80,685.9379300842185,AHS,AWB,0.61,0.39
9,90,,AHS,AWB,0.61,0.39
10,95,,AHS,AWB,0.61,0.39
11,99,,AHS,AWB,0.61,0.39
0,5,40.49579469798609,AHS,AWB,0.62,0.38
1,10,70.90344894912242,AHS,AWB,0.62,0.38
2,20,179.2262008005064,AHS,AWB,0.62,0.38
3,30,340.3847483190201,AHS,AWB,0.62,0.38
4,40,425.190488072208,AHS,AWB,0.62,0.38
5,50,485.3794413954,AHS,AWB,0.62,0.38
6,60,539.1046201129286,AHS,AWB,0.62,0.38
7,70,596.897163659686,AHS,AWB,0.62,0.38
8,80,683.8873435181874,AHS,AWB,0.62,0.38
9,90,,AHS,AWB,0.62,0.38
10,95,,AHS,AWB,0.62,0.38
11,99,,AHS,AWB,0.62,0.38
0,5,40.554099375578275,AHS,AWB,0.63,0.37
1,10,71.22017240255836,AHS,AWB,0.63,0.37
2,20,179.24631434054575,AHS,AWB,0.63,0.37
3,30,340.8665966425109,AHS,AWB,0.63,0.37
4,40,425.6831910148344,AHS,AWB,0.63,0.37
5,50,485.642738545996,AHS,AWB,0.63,0.37
6,60,539.0823750601807,AHS,AWB,0.63,0.37
7,70,596.5410559496524,AHS,AWB,0.63,0.37
8,80,681.9225251604704,AHS,AWB,0.63,0.37
9,90,,AHS,AWB,0.63,0.37
10,95,,AHS,AWB,0.63,0.37
11,99,,AHS,AWB,0.63,0.37
0,5,40.61260833786694,AHS,AWB,0.64,0.36
1,10,71.53957978293492,AHS,AWB,0.64,0.36
2,20,179.26644063182093,AHS,AWB,0.64,0.36
3,30,341.3531228271839,AHS,AWB,0.64,0.36
4,40,426.1755357147821,AHS,AWB,0.64,0.36
5,50,485.90372460697625,AHS,AWB,0.64,0.36
6,60,539.0603695491408,AHS,AWB,0.64,0.36
7,70,596.1887846949714,AHS,AWB,0.64,0.36
8,80,680.0375773674416,AHS,AWB,0.64,0.36
9,90,,AHS,AWB,0.64,0.36
10,95,,AHS,AWB,0.64,0.36
11,99,,AHS,AWB,0.64,0.36
0,5,40.67135342252962,AHS,AWB,0.65,0.35
1,10,71.86142583129424,AHS,AWB,0.65,0.35
2,20,179.2865797482241,AHS,AWB,0.65,0.35
3,30,341.844391626565,AHS,AWB,0.65,0.35
4,40,426.66749291607135,AHS,AWB,0.65,0.35
5,50,486.16243440306914,AHS,AWB,0.65,0.35
6,60,539.0385997247613,AHS,AWB,0.65,0.35
7,70,595.8402790324103,AHS,AWB,0.65,0.35
8,80,678.2271878951469,AHS,AWB,0.65,0.35
9,90,,AHS,AWB,0.65,0.35
10,95,,AHS,AWB,0.65,0.35
11,99,,AHS,AWB,0.65,0.35
0,5,40.730366801054565,AHS,AWB,0.66,0.34
1,10,72.18550597374684,AHS,AWB,0.66,0.34
2,20,179.3067317622826,AHS,AWB,0.66,0.34
3,30,342.34048479598243,AHS,AWB,0.66,0.34
4,40,427.15905790342305,AHS,AWB,0.66,0.34
5,50,486.41888438964435,AHS,AWB,0.66,0.34
6,60,539.0170618147768,AHS,AWB,0.66,0.34
7,70,595.4954840448412,AHS,AWB,0.66,0.34
8,80,676.4865536847798,AHS,AWB,0.66,0.34
9,90,,AHS,AWB,0.66,0.34
10,95,,AHS,AWB,0.66,0.34
11,99,,AHS,AWB,0.66,0.34
0,5,40.789680935824215,AHS,AWB,0.67,0.33
1,10,72.51193486420323,AHS,AWB,0.67,0.33
2,20,179.32689674515458,AHS,AWB,0.67,0.33
3,30,342.8414669406338,AHS,AWB,0.67,0.33
4,40,427.65020166169086,AHS,AWB,0.67,0.33
5,50,486.6731124364289,AHS,AWB,0.67,0.33
6,60,538.9957520930633,AHS,AWB,0.67,0.33
7,70,595.1543329426347,AHS,AWB,0.67,0.33
8,80,674.8113185886862,AHS,AWB,0.67,0.33
9,90,,AHS,AWB,0.67,0.33
10,95,,AHS,AWB,0.67,0.33
11,99,,AHS,AWB,0.67,0.33
0,5,40.84932853917296,AHS,AWB,0.68,0.32
1,10,72.84043651053368,AHS,AWB,0.68,0.32
2,20,179.34707476662518,AHS,AWB,0.68,0.32
3,30,343.3474185025175,AHS,AWB,0.68,0.32
4,40,428.14091808963093,AHS,AWB,0.68,0.32
5,50,486.925158143952,AHS,AWB,0.68,0.32
6,60,538.9746658359948,AHS,AWB,0.68,0.32
7,70,594.8167603506099,AHS,AWB,0.68,0.32
8,80,673.197517722623,AHS,AWB,0.68,0.32
9,90,,AHS,AWB,0.68,0.32
10,95,,AHS,AWB,0.68,0.32
11,99,,AHS,AWB,0.68,0.32
0,5,40.909342534343196,AHS,AWB,0.69,0.31
1,10,73.17073502439645,AHS,AWB,0.69,0.31
2,20,179.36726589510263,AHS,AWB,0.69,0.31
3,30,343.85840409178417,AHS,AWB,0.69,0.31
4,40,428.63117860053484,AHS,AWB,0.69,0.31
5,50,487.1750525983569,AHS,AWB,0.69,0.31
6,60,538.953799043389,AHS,AWB,0.69,0.31
7,70,594.4827152758972,AHS,AWB,0.69,0.31
8,80,671.6415210509741,AHS,AWB,0.69,0.31
9,90,,AHS,AWB,0.69,0.31
10,95,,AHS,AWB,0.69,0.31
11,99,,AHS,AWB,0.69,0.31
0,5,40.969756018266075,AHS,AWB,0.7,0.3
1,10,73.50292870531412,AHS,AWB,0.7,0.3
2,20,179.38747019761365,AHS,AWB,0.7,0.3
3,30,344.3745017841816,AHS,AWB,0.7,0.3
4,40,429.1209755571268,AHS,AWB,0.7,0.3
5,50,487.42281131084894,AHS,AWB,0.7,0.3
6,60,538.9331483479054,AHS,AWB,0.7,0.3
7,70,594.1521343423401,AHS,AWB,0.7,0.3
8,80,670.1400151591571,AHS,AWB,0.7,0.3
9,90,,AHS,AWB,0.7,0.3
10,95,,AHS,AWB,0.7,0.3
11,99,,AHS,AWB,0.7,0.3
0,5,41.03055120042578,AHS,AWB,0.71,0.29
1,10,73.83670497103802,AHS,AWB,0.71,0.29
2,20,179.40768773979997,AHS,AWB,0.71,0.29
3,30,344.8957761178052,AHS,AWB,0.71,0.29
4,40,429.6102810239445,AHS,AWB,0.71,0.29
5,50,487.66847071512586,AHS,AWB,0.71,0.29
6,60,538.9127104533374,AHS,AWB,0.71,0.29
7,70,593.8249563094118,AHS,AWB,0.71,0.29
8,80,668.6899452211126,AHS,AWB,0.71,0.29
9,90,,AHS,AWB,0.71,0.29
10,95,,AHS,AWB,0.71,0.29
11,99,,AHS,AWB,0.71,0.29
0,5,41.09147320086862,AHS,AWB,0.72,0.28
1,10,74.17173478186793,AHS,AWB,0.72,0.28
2,20,179.42791858591417,AHS,AWB,0.72,0.28
3,30,345.42230167755486,AHS,AWB,0.72,0.28
4,40,430.0990856431408,AHS,AWB,0.72,0.28
5,50,487.9120681298541,AHS,AWB,0.72,0.28
6,60,538.8924821325891,AHS,AWB,0.72,0.28
7,70,593.5011338121384,AHS,AWB,0.72,0.28
8,80,667.2885097928942,AHS,AWB,0.72,0.28
9,90,,AHS,AWB,0.72,0.28
10,95,,AHS,AWB,0.72,0.28
11,99,,AHS,AWB,0.72,0.28
0,5,41.152545913966726,AHS,AWB,0.73,0.27
1,10,74.50809711977155,AHS,AWB,0.73,0.27
2,20,179.44816279881522,AHS,AWB,0.73,0.27
3,30,345.9541428492517,AHS,AWB,0.73,0.27
4,40,430.5873623936981,AHS,AWB,0.73,0.27
5,50,488.15363392607844,AHS,AWB,0.73,0.27
6,60,538.87246022573,AHS,AWB,0.73,0.27
7,70,593.1806075934065,AHS,AWB,0.73,0.27
8,80,665.9331121105707,AHS,AWB,0.73,0.27
9,90,,AHS,AWB,0.73,0.27
10,95,,AHS,AWB,0.73,0.27
11,99,,AHS,AWB,0.73,0.27
0,5,41.21384747751452,AHS,AWB,0.74,0.26
1,10,74.84543629705252,AHS,AWB,0.74,0.26
2,20,179.46842043996506,AHS,AWB,0.74,0.26
3,30,346.4913693704808,AHS,AWB,0.74,0.26
4,40,431.0750999727427,AHS,AWB,0.74,0.26
5,50,488.3931812901055,AHS,AWB,0.74,0.26
6,60,538.8526416381194,AHS,AWB,0.74,0.26
7,70,592.8633193343509,AHS,AWB,0.74,0.26
8,80,664.6213596027679,AHS,AWB,0.74,0.26
9,90,,AHS,AWB,0.74,0.26
10,95,,AHS,AWB,0.74,0.26
11,99,,AHS,AWB,0.74,0.26
0,5,41.27545832957582,AHS,AWB,0.75,0.25
1,10,75.18339077401201,AHS,AWB,0.75,0.25
2,20,179.4886915694238,AHS,AWB,0.75,0.25
3,30,347.0340453999023,AHS,AWB,0.75,0.25
4,40,431.5622725829147,AHS,AWB,0.75,0.25
5,50,488.6307438126146,AHS,AWB,0.75,0.25
6,60,538.8330233385991,AHS,AWB,0.75,0.25
7,70,592.5492249274649,AHS,AWB,0.75,0.25
8,80,663.3510310668426,AHS,AWB,0.75,0.25
9,90,,AHS,AWB,0.75,0.25
10,95,,AHS,AWB,0.75,0.25
11,99,,AHS,AWB,0.75,0.25
0,5,41.33746112554941,AHS,AWB,0.76,0.24
1,10,75.5220223462051,AHS,AWB,0.76,0.24
2,20,179.50897624584616,AHS,AWB,0.76,0.24
3,30,347.58223439453536,AHS,AWB,0.76,0.24
4,40,432.04886670604316,AHS,AWB,0.76,0.24
5,50,488.86635660776994,AHS,AWB,0.76,0.24
6,60,538.8136023577534,AHS,AWB,0.76,0.24
7,70,592.2382699337671,AHS,AWB,0.76,0.24
8,80,662.1200618485848,AHS,AWB,0.76,0.24
9,90,,AHS,AWB,0.76,0.24
10,95,,AHS,AWB,0.76,0.24
11,99,,AHS,AWB,0.76,0.24
0,5,41.399940657030406,AHS,AWB,0.77,0.23
1,10,75.86093305813075,AHS,AWB,0.77,0.23
2,20,179.52927452647725,AHS,AWB,0.77,0.23
3,30,348.13599956214136,AHS,AWB,0.77,0.23
4,40,432.5348581296999,AHS,AWB,0.77,0.23
5,50,489.1000514189366,AHS,AWB,0.77,0.23
6,60,538.79437578623,AHS,AWB,0.77,0.23
7,70,591.9303984283117,AHS,AWB,0.77,0.23
8,80,660.926532833938,AHS,AWB,0.77,0.23
9,90,,AHS,AWB,0.77,0.23
10,95,,AHS,AWB,0.77,0.23
11,99,,AHS,AWB,0.77,0.23
0,5,41.46298377243553,AHS,AWB,0.78,0.22
1,10,76.19975109335124,AHS,AWB,0.78,0.22
2,20,179.54958646714837,AHS,AWB,0.78,0.22
3,30,348.6953979868837,AHS,AWB,0.78,0.22
4,40,433.0202307979889,AHS,AWB,0.78,0.22
5,50,489.3318394921393,AHS,AWB,0.78,0.22
6,60,538.7753407731211,AHS,AWB,0.78,0.22
7,70,591.6255680319754,AHS,AWB,0.78,0.22
8,80,659.7686580600894,AHS,AWB,0.78,0.22
9,90,,AHS,AWB,0.78,0.22
10,95,,AHS,AWB,0.78,0.22
11,99,,AHS,AWB,0.78,0.22
0,5,41.52667929936111,AHS,AWB,0.79,0.21
1,10,76.5385243534479,AHS,AWB,0.79,0.21
2,20,179.5699121222731,AHS,AWB,0.79,0.21
3,30,349.260489497139,AHS,AWB,0.79,0.21
4,40,433.5049625031955,AHS,AWB,0.79,0.21
5,50,489.56174938777644,AHS,AWB,0.79,0.21
6,60,538.7564945244008,AHS,AWB,0.79,0.21
7,70,591.3237303572655,AHS,AWB,0.79,0.21
8,80,658.6447682201946,AHS,AWB,0.79,0.21
9,90,,AHS,AWB,0.79,0.21
10,95,,AHS,AWB,0.79,0.21
11,99,,AHS,AWB,0.79,0.21
0,5,41.591117968642784,AHS,AWB,0.8,0.2
1,10,76.8768246821002,AHS,AWB,0.8,0.2
2,20,179.5902515448429,AHS,AWB,0.8,0.2
3,30,349.8313255558199,AHS,AWB,0.8,0.2
4,40,433.98903428172855,AHS,AWB,0.8,0.2
5,50,489.78981411678154,AHS,AWB,0.8,0.2
6,60,538.7378343014182,AHS,AWB,0.8,0.2
7,70,591.0248324748974,AHS,AWB,0.8,0.2
8,80,657.5533025942335,AHS,AWB,0.8,0.2
9,90,,AHS,AWB,0.8,0.2
10,95,,AHS,AWB,0.8,0.2
11,99,,AHS,AWB,0.8,0.2
0,5,41.6563923400864,AHS,AWB,0.81,0.19
1,10,77.21428920832183,AHS,AWB,0.81,0.19
2,20,179.6106047864234,AHS,AWB,0.81,0.19
3,30,350.4079596912356,AHS,AWB,0.81,0.19
4,40,434.47242638158775,AHS,AWB,0.81,0.19
5,50,490.0160660754869,AHS,AWB,0.81,0.19
6,60,538.7193574194414,AHS,AWB,0.81,0.19
7,70,590.7288302195536,AHS,AWB,0.81,0.19
8,80,656.4928003154064,AHS,AWB,0.81,0.19
9,90,,AHS,AWB,0.81,0.19
10,95,,AHS,AWB,0.81,0.19
11,99,,AHS,AWB,0.81,0.19
0,5,41.72259672984017,AHS,AWB,0.82,0.18
1,10,77.55095753591002,AHS,AWB,0.82,0.18
2,20,179.6309718971499,AHS,AWB,0.82,0.18
3,30,350.9904381942716,AHS,AWB,0.82,0.18
4,40,434.9551166820747,AHS,AWB,0.82,0.18
5,50,490.24052041029415,AHS,AWB,0.82,0.18
6,60,538.701061246252,AHS,AWB,0.82,0.18
7,70,590.435683341142,AHS,AWB,0.82,0.18
8,80,655.4618919607622,AHS,AWB,0.82,0.18
9,90,,AHS,AWB,0.82,0.18
10,95,,AHS,AWB,0.82,0.18
11,99,,AHS,AWB,0.82,0.18
0,5,41.789827139378374,AHS,AWB,0.83,0.17
1,10,77.88639342756652,AHS,AWB,0.83,0.17
2,20,179.65135292572347,AHS,AWB,0.83,0.17
3,30,351.5788059484711,AHS,AWB,0.83,0.17
4,40,435.43708794151945,AHS,AWB,0.83,0.17
5,50,490.46319583841694,AHS,AWB,0.83,0.17
6,60,538.6829432007867,AHS,AWB,0.83,0.17
7,70,590.145342207638,AHS,AWB,0.83,0.17
8,80,654.4592920574859,AHS,AWB,0.83,0.17
9,90,,AHS,AWB,0.83,0.17
10,95,,AHS,AWB,0.83,0.17
11,99,,AHS,AWB,0.83,0.17
0,5,41.8581811860674,AHS,AWB,0.84,0.16
1,10,78.2202535109621,AHS,AWB,0.84,0.16
2,20,179.6717479194067,AHS,AWB,0.84,0.16
3,30,352.17310312226004,AHS,AWB,0.84,0.16
4,40,435.91831509647255,AHS,AWB,0.84,0.16
5,50,490.6841233831206,AHS,AWB,0.84,0.16
6,60,538.6650007518248,AHS,AWB,0.84,0.16
7,70,589.8577603094757,AHS,AWB,0.84,0.16
8,80,653.4837923834494,AHS,AWB,0.84,0.16
9,90,,AHS,AWB,0.84,0.16
10,95,,AHS,AWB,0.84,0.16
11,99,,AHS,AWB,0.84,0.16
0,5,41.927758035285336,AHS,AWB,0.85,0.15
1,10,78.55257985742384,AHS,AWB,0.85,0.15
2,20,179.69215692401986,AHS,AWB,0.85,0.15
3,30,352.7733654811335,AHS,AWB,0.85,0.15
4,40,436.39878315823285,AHS,AWB,0.85,0.15
5,50,490.9033335480361,AHS,AWB,0.85,0.15
6,60,538.6472314167199,AHS,AWB,0.85,0.15
7,70,589.5729030588368,AHS,AWB,0.85,0.15
8,80,652.534255958986,AHS,AWB,0.85,0.15
9,90,,AHS,AWB,0.85,0.15
10,95,,AHS,AWB,0.85,0.15
11,99,,AHS,AWB,0.85,0.15
0,5,41.99865833406684,AHS,AWB,0.86,0.14
1,10,78.88295565422968,AHS,AWB,0.86,0.14
2,20,179.7125799839362,AHS,AWB,0.86,0.14
3,30,353.3796243074004,AHS,AWB,0.86,0.14
4,40,436.87846453777706,AHS,AWB,0.86,0.14
5,50,491.12085186673016,AHS,AWB,0.86,0.14
6,60,538.6296327601729,AHS,AWB,0.86,0.14
7,70,589.2907259766562,AHS,AWB,0.86,0.14
8,80,651.6096116422077,AHS,AWB,0.86,0.14
9,90,,AHS,AWB,0.86,0.14
10,95,,AHS,AWB,0.86,0.14
11,99,,AHS,AWB,0.86,0.14
0,5,42.07092114005703,AHS,AWB,0.87,0.13
1,10,79.2110563438501,AHS,AWB,0.87,0.13
2,20,179.73301714207844,AHS,AWB,0.87,0.13
3,30,353.99190600002913,AHS,AWB,0.87,0.13
4,40,437.3573461156757,AHS,AWB,0.87,0.13
5,50,491.33668641911333,AHS,AWB,0.87,0.13
6,60,538.6122023930449,AHS,AWB,0.87,0.13
7,70,589.0111833417271,AHS,AWB,0.87,0.13
8,80,650.7088492530335,AHS,AWB,0.87,0.13
9,90,,AHS,AWB,0.87,0.13
10,95,,AHS,AWB,0.87,0.13
11,99,,AHS,AWB,0.87,0.13
0,5,42.144582229184415,AHS,AWB,0.88,0.12
1,10,79.53694136464266,AHS,AWB,0.88,0.12
2,20,179.75346843991412,AHS,AWB,0.88,0.12
3,30,354.6102313122282,AHS,AWB,0.88,0.12
4,40,437.83539828850746,AHS,AWB,0.88,0.12
5,50,491.55086353097334,AHS,AWB,0.88,0.12
6,60,538.594937971209,AHS,AWB,0.88,0.12
7,70,588.734238049558,AHS,AWB,0.88,0.12
8,80,649.831015161884,AHS,AWB,0.88,0.12
9,90,,AHS,AWB,0.88,0.12
10,95,,AHS,AWB,0.88,0.12
11,99,,AHS,AWB,0.88,0.12
0,5,42.219750197043716,AHS,AWB,0.89,0.11
1,10,79.86024154823882,AHS,AWB,0.89,0.11
2,20,179.77393391745173,AHS,AWB,0.89,0.11
3,30,355.23461474338194,AHS,AWB,0.89,0.11
4,40,438.3126093256841,AHS,AWB,0.89,0.11
5,50,491.76341186360463,AHS,AWB,0.89,0.11
6,60,538.5778371944399,AHS,AWB,0.89,0.11
7,70,588.4598551738392,AHS,AWB,0.89,0.11
8,80,648.9752082880854,AHS,AWB,0.89,0.11
9,90,,AHS,AWB,0.89,0.11
10,95,,AHS,AWB,0.89,0.11
11,99,,AHS,AWB,0.89,0.11
0,5,42.29653994309336,AHS,AWB,0.9,0.1
1,10,80.18064356182215,AHS,AWB,0.9,0.1
2,20,179.7944136132365,AHS,AWB,0.9,0.1
3,30,355.8650665432086,AHS,AWB,0.9,0.1
4,40,438.78894822421523,AHS,AWB,0.9,0.1
5,50,491.97435958400183,AHS,AWB,0.9,0.1
6,60,538.5608978053372,AHS,AWB,0.9,0.1
7,70,588.1879917234809,AHS,AWB,0.9,0.1
8,80,648.1405755439037,AHS,AWB,0.9,0.1
9,90,,AHS,AWB,0.9,0.1
10,95,,AHS,AWB,0.9,0.1
11,99,,AHS,AWB,0.9,0.1
0,5,42.375072819250036,AHS,AWB,0.91,0.09
1,10,80.49823333771265,AHS,AWB,0.91,0.09
2,20,179.81490756434604,AHS,AWB,0.91,0.09
3,30,356.50158721615514,AHS,AWB,0.91,0.09
4,40,439.2644040552674,AHS,AWB,0.91,0.09
5,50,492.1837236567942,AHS,AWB,0.91,0.09
6,60,538.5441175882828,AHS,AWB,0.91,0.09
7,70,587.9186063147353,AHS,AWB,0.91,0.09
8,80,647.3263082027344,AHS,AWB,0.91,0.09
9,90,,AHS,AWB,0.91,0.09
10,95,,AHS,AWB,0.91,0.09
11,99,,AHS,AWB,0.91,0.09
0,5,42.45547680118906,AHS,AWB,0.92,0.08
1,10,80.81271733393237,AHS,AWB,0.92,0.08
2,20,179.83541580638658,AHS,AWB,0.92,0.08
3,30,357.1441727474584,AHS,AWB,0.92,0.08
4,40,439.7389451443943,AHS,AWB,0.92,0.08
5,50,492.3915145326402,AHS,AWB,0.92,0.08
6,60,538.5274943684334,AHS,AWB,0.92,0.08
7,70,587.6516689857991,AHS,AWB,0.92,0.08
8,80,646.5316412988219,AHS,AWB,0.92,0.08
9,90,,AHS,AWB,0.92,0.08
10,95,,AHS,AWB,0.92,0.08
11,99,,AHS,AWB,0.92,0.08
0,5,42.53788665951926,AHS,AWB,0.93,0.07
1,10,81.12379107532621,AHS,AWB,0.93,0.07
2,20,179.85593837348824,AHS,AWB,0.93,0.07
3,30,357.79281241501906,AHS,AWB,0.93,0.07
4,40,440.2125606609179,AHS,AWB,0.93,0.07
5,50,492.5977589497507,AHS,AWB,0.93,0.07
6,60,538.5110260107416,AHS,AWB,0.93,0.07
7,70,587.3871431197614,AHS,AWB,0.93,0.07
8,80,645.7558496606339,AHS,AWB,0.93,0.07
9,90,,AHS,AWB,0.93,0.07
10,95,,AHS,AWB,0.93,0.07
11,99,,AHS,AWB,0.93,0.07
0,5,42.622444130850596,AHS,AWB,0.94,0.06
1,10,81.4315506934218,AHS,AWB,0.94,0.06
2,20,179.87647529830153,AHS,AWB,0.94,0.06
3,30,358.44748341724846,AHS,AWB,0.94,0.06
4,40,440.68521910981195,AHS,AWB,0.94,0.06
5,50,492.802483384321,AHS,AWB,0.94,0.06
6,60,538.4947104190087,AHS,AWB,0.94,0.06
7,70,587.1249890624224,AHS,AWB,0.94,0.06
8,80,644.9982453452953,AHS,AWB,0.94,0.06
9,90,,AHS,AWB,0.94,0.06
10,95,,AHS,AWB,0.94,0.06
11,99,,AHS,AWB,0.94,0.06
0,5,42.709298088772876,AHS,AWB,0.95,0.05
1,10,81.7358106321069,AHS,AWB,0.95,0.05
2,20,179.89702661199215,AHS,AWB,0.95,0.05
3,30,359.1081594617003,AHS,AWB,0.95,0.05
4,40,441.1569089287878,AHS,AWB,0.95,0.05
5,50,493.0057139206204,AHS,AWB,0.95,0.05
6,60,538.4785455349652,AHS,AWB,0.95,0.05
7,70,586.8651631541593,AHS,AWB,0.95,0.05
8,80,644.2581722882688,AHS,AWB,0.95,0.05
9,90,,AHS,AWB,0.95,0.05
10,95,,AHS,AWB,0.95,0.05
11,99,,AHS,AWB,0.95,0.05
0,5,42.798604714763925,AHS,AWB,0.96,0.04
1,10,82.03628707164361,AHS,AWB,0.96,0.04
2,20,179.91759234423816,AHS,AWB,0.96,0.04
3,30,359.7748048590347,AHS,AWB,0.96,0.04
4,40,441.6275997850567,AHS,AWB,0.96,0.04
5,50,493.2075510505238,AHS,AWB,0.96,0.04
6,60,538.4625293373804,AHS,AWB,0.96,0.04
7,70,586.6076181650379,AHS,AWB,0.96,0.04
8,80,643.5350063984638,AHS,AWB,0.96,0.04
9,90,,AHS,AWB,0.96,0.04
10,95,,AHS,AWB,0.96,0.04
11,99,,AHS,AWB,0.96,0.04
0,5,42.89052766904536,AHS,AWB,0.97,0.03
1,10,82.33258936293817,AHS,AWB,0.97,0.03
2,20,179.93817252322455,AHS,AWB,0.97,0.03
3,30,360.44737031265777,AHS,AWB,0.97,0.03
4,40,442.09728647743054,AHS,AWB,0.97,0.03
5,50,493.4079989319573,AHS,AWB,0.97,0.03
6,60,538.4466598411989,AHS,AWB,0.97,0.03
7,70,586.3523558309379,AHS,AWB,0.97,0.03
8,80,642.8281571127349,AHS,AWB,0.97,0.03
9,90,,AHS,AWB,0.97,0.03
10,95,,AHS,AWB,0.97,0.03
11,99,,AHS,AWB,0.97,0.03
0,5,42.985238261404255,AHS,AWB,0.98,0.02
1,10,82.6251020038165,AHS,AWB,0.98,0.02
2,20,179.95876717563957,AHS,AWB,0.98,0.02
3,30,361.1258093565099,AHS,AWB,0.98,0.02
4,40,442.56604948653023,AHS,AWB,0.98,0.02
5,50,493.60695572374976,AHS,AWB,0.98,0.02
6,60,538.4309350967018,AHS,AWB,0.98,0.02
7,70,586.0993832869001,AHS,AWB,0.98,0.02
8,80,642.1370619760914,AHS,AWB,0.98,0.02
9,90,,AHS,AWB,0.98,0.02
10,95,,AHS,AWB,0.98,0.02
11,99,,AHS,AWB,0.98,0.02
0,5,43.08447541416618,AHS,AWB,0.99,0.01
1,10,82.91456687513859,AHS,AWB,0.99,0.01
2,20,179.97937632667066,AHS,AWB,0.99,0.01
3,30,361.8100982809342,AHS,AWB,0.99,0.01
4,40,443.03347145439636,AHS,AWB,0.99,0.01
5,50,493.80432184571197,AHS,AWB,0.99,0.01
6,60,538.4153531886928,AHS,AWB,0.99,0.01
7,70,585.8486625096856,AHS,AWB,0.99,0.01
8,80,641.4610497595677,AHS,AWB,0.99,0.01
9,90,,AHS,AWB,0.99,0.01
10,95,,AHS,AWB,0.99,0.01
11,99,,AHS,AWB,0.99,0.01
