,Mass % Recovered,Temperature( oC ),Temperature( oF ),Average( oC ),Standard Deviation( oC ),Average( oF ),Standard Deviation( oF ),Code
0,IBP,34.7,94.5,34.4,3.1,93.9,5.6,AHS
1,5,43.2,109.8,54.2,17.1,129.6,30.8,AHS
2,10,83.2,181.8,105.3,24.8,221.5,44.6,AHS
3,20,180.0,356.0,257.5,41.7,495.5,75.1,AHS
4,30,362.5,684.5,383.9,17.6,723.0,31.7,AHS
5,40,443.5,830.3,442.3,15.2,828.2,27.4,AHS
6,50,494.0,921.2,489.1,16.8,912.3,30.2,AHS
7,60,538.4,1001.1,535.3,18.7,995.5,33.7,AHS
8,70,585.6,1086.1,588.4,20.4,1091.1,36.7,AHS
9,80,640.8,1185.4,657.1,26.3,1214.8,47.3,AHS
10,90,715.5,1319.9,703.0,15.2,1297.4,27.4,AHS
11,95,-,-,-,-,-,-,AHS
12,99,-,-,-,-,-,-,AHS
0,IBP,34.8,94.6,34.5,1.6,94.1,2.9,AWB
1,5,36.9,98.4,42.4,7.3,108.2,13.1,AWB
2,10,56.1,133.0,75.8,16.6,168.5,29.9,AWB
3,20,178.0,352.4,220.0,40.1,428.1,72.2,AWB
4,30,316.9,602.4,337.7,19.4,639.9,34.9,AWB
5,40,394.4,741.9,412.4,17.4,774.3,31.3,AWB
6,50,463.0,865.4,481.7,19.8,899.1,35.6,AWB
7,60,541.2,1006.2,561.6,23.3,1042.9,41.9,AWB
8,70,630.4,1166.7,643.2,21.4,1189.7,38.5,AWB
9,80,-,-,707.3,11.4,1305.2,20.5,AWB
10,90,-,-,-,-,-,-,AWB
11,95,-,-,-,-,-,-,AWB
12,99,-,-,-,-,-,-,AWB
0,IBP,35.3,95.5,34.7,1.2,94.4,2.2,BCL
1,5,68.8,155.8,72.0,8.0,161.5,14.4,BCL
2,10,104.8,220.6,100.1,6.5,212.2,11.7,BCL
3,20,150.4,302.7,142.0,8.7,287.5,15.7,BCL
4,30,192.4,378.3,187.4,10.3,369.3,18.5,BCL
5,40,237.9,460.2,236.2,8.9,457.2,16.0,BCL
6,50,287.9,550.2,283.9,9.4,543.0,16.9,BCL
7,60,338.0,640.4,332.4,9.5,630.3,17.1,BCL
8,70,388.3,730.9,388.0,11.6,730.3,20.9,BCL
9,80,464.8,868.6,453.2,15.0,847.7,27.0,BCL
10,90,575.0,1067.0,550.3,26.9,1022.5,48.4,BCL
11,95,719.7,1327.5,623.8,38.7,1154.9,69.7,BCL
12,99,-,-,-,-,-,-,BCL
0,IBP,35.6,96.1,34.4,1.0,93.8,1.8,BDY
1,5,80.6,177.1,77.3,6.0,171.2,10.8,BDY
2,10,110.5,230.9,106.2,5.8,223.2,10.4,BDY
3,20,162.1,323.8,157.2,7.7,315.0,13.9,BDY
4,30,215.5,419.9,210.5,8.1,410.9,14.6,BDY
5,40,262.5,504.5,260.0,7.4,500.1,13.3,BDY
6,50,310.1,590.2,310.1,7.8,590.1,14.0,BDY
7,60,360.5,680.9,363.7,10.1,686.6,18.2,BDY
8,70,417.3,783.1,424.1,11.3,795.3,20.3,BDY
9,80,480.5,896.9,494.4,15.2,922.0,27.4,BDY
10,90,567.0,1052.6,602.5,30.1,1116.5,54.2,BDY
11,95,629.5,1165.1,666.0,33.7,1230.8,60.7,BDY
12,99,708.1,1306.6,-,-,-,-,BDY
0,IBP,35.7,96.3,34.5,1.1,94.2,2.0,BHB
1,5,69.8,157.6,48.2,12.6,118.8,22.7,BHB
2,10,116.5,241.7,85.9,22.0,186.7,39.6,BHB
3,20,198.3,388.9,199.4,33.4,390.8,60.1,BHB
4,30,317.7,603.9,323.9,22.3,615.0,40.1,BHB
5,40,382.2,720.0,395.0,15.9,743.0,28.6,BHB
6,50,433.9,813.0,456.7,16.2,854.0,29.2,BHB
7,60,495.0,923.0,529.5,18.6,985.2,33.5,BHB
8,70,573.2,1063.8,615.4,19.6,1139.7,35.3,BHB
9,80,663.3,1225.9,699.5,15.9,1291.0,28.6,BHB
10,90,-,-,-,-,-,-,BHB
11,95,-,-,-,-,-,-,BHB
12,99,-,-,-,-,-,-,BHB
0,IBP,34.8,94.6,34.5,4.2,94.1,7.6,BRN
1,5,44.3,111.7,58.2,23.2,136.8,41.8,BRN
2,10,95.3,203.5,120.9,31.7,249.6,57.1,BRN
3,20,215.7,420.3,250.1,20.4,482.2,36.7,BRN
4,30,333.9,633.0,337.1,17.2,638.8,31.0,BRN
5,40,414.4,777.9,404.5,19.7,760.2,35.5,BRN
6,50,472.1,881.8,462.0,21.5,863.5,38.7,BRN
7,60,526.5,979.7,521.7,23.7,971.1,42.7,BRN
8,70,585.2,1085.4,591.9,25.8,1097.5,46.4,BRN
9,80,653.8,1208.8,676.3,30.2,1249.3,54.4,BRN
10,90,-,-,-,-,-,-,BRN
11,95,-,-,-,-,-,-,BRN
12,99,-,-,-,-,-,-,BRN
0,IBP,35.7,96.3,34.7,1.7,94.4,3.1,BRS
1,5,99.7,211.5,89.4,9.4,192.9,16.9,BRS
2,10,150.8,303.4,145.4,12.0,293.8,21.6,BRS
3,20,242.6,468.7,236.7,11.7,458.1,21.1,BRS
4,30,312.8,595.0,304.5,10.8,580.1,19.4,BRS
5,40,376.7,710.1,366.7,11.7,692.1,21.1,BRS
6,50,440.3,824.5,427.7,12.6,801.9,22.7,BRS
7,60,514.1,957.4,492.3,16.2,918.2,29.2,BRS
8,70,600.9,1113.6,568.6,22.2,1055.4,40.0,BRS
9,80,713.3,1315.9,660.1,30.1,1220.2,54.2,BRS
10,90,-,-,693.1,28.8,1279.6,51.8,BRS
11,95,-,-,-,-,-,-,BRS
12,99,-,-,-,-,-,-,BRS
0,IBP,31.7,89.1,33.5,1.4,92.3,2.5,CAL
1,5,35.4,95.7,54.6,14.1,130.2,25.4,CAL
2,10,86.6,187.9,93.4,10.6,200.1,19.1,CAL
3,20,148.5,299.3,148.4,15.2,299.1,27.4,CAL
4,30,207.9,406.2,201.2,16.7,394.1,30.1,CAL
5,40,272.5,522.5,260.9,19.1,501.7,34.4,CAL
6,50,334.5,634.1,319.7,18.8,607.5,33.8,CAL
7,60,401.8,755.2,381.8,20.5,719.2,36.9,CAL
8,70,472.1,881.8,447.4,23.2,837.4,41.8,CAL
9,80,568.1,1054.6,529.9,35.5,985.8,63.9,CAL
10,90,-,-,629.6,34.5,1165.4,62.1,CAL
11,95,-,-,681.8,24.8,1259.2,44.6,CAL
12,99,-,-,-,-,-,-,CAL
0,IBP,34.8,94.6,34.0,0.9,93.3,1.6,CDB
1,5,40.1,104.2,38.6,1.7,101.5,3.1,CDB
2,10,74.5,166.1,71.1,12.1,160.0,21.8,CDB
3,20,180.0,356.0,218.1,34.2,424.6,61.6,CDB
4,30,307.8,586.0,329.7,15.3,625.4,27.5,CDB
5,40,381.9,719.4,402.0,12.5,755.5,22.5,CDB
6,50,448.6,839.5,468.0,13.2,874.4,23.8,CDB
7,60,521.6,970.9,543.0,15.1,1009.5,27.2,CDB
8,70,606.7,1124.1,626.4,15.2,1159.5,27.4,CDB
9,80,700.7,1293.3,704.1,12.0,1299.3,21.6,CDB
10,90,-,-,-,-,-,-,CDB
11,95,-,-,-,-,-,-,CDB
12,99,-,-,-,-,-,-,CDB
0,IBP,32.5,90.5,15.0,18.2,59.0,32.8,CHV
1,5,44.5,112.1,47.9,14.7,118.2,26.5,CHV
2,10,101.2,214.2,111.1,22.5,232.0,40.5,CHV
3,20,209.9,409.8,243.3,18.9,470.0,34.0,CHV
4,30,321.7,611.1,327.8,13.4,622.0,24.1,CHV
5,40,403.1,757.6,396.6,13.6,745.9,24.5,CHV
6,50,472.1,881.8,460.5,15.4,860.9,27.7,CHV
7,60,541.1,1006.0,529.7,17.9,985.5,32.2,CHV
8,70,617.9,1144.2,608.0,21.7,1126.5,39.1,CHV
9,80,711.3,1312.3,691.0,21.9,1275.8,39.4,CHV
10,90,-,-,-,-,-,-,CHV
11,95,-,-,-,-,-,-,CHV
12,99,-,-,-,-,-,-,CHV
0,IBP,34.8,94.6,34.5,3.4,94.2,6.1,CL
1,5,41.2,106.2,49.7,12.9,121.5,23.2,CL
2,10,80.2,176.4,99.6,24.5,211.2,44.1,CL
3,20,211.8,413.2,251.1,22.0,483.9,39.6,CL
4,30,307.3,585.1,337.9,14.4,640.1,25.9,CL
5,40,373.6,704.5,408.8,14.2,767.8,25.6,CL
6,50,434.8,814.6,475.6,15.5,888.1,27.9,CL
7,60,501.2,934.2,551.1,18.8,1024.0,33.8,CL
8,70,575.6,1068.1,631.3,19.3,1168.3,34.7,CL
9,80,657.5,1215.5,702.5,16.9,1296.4,30.4,CL
10,90,-,-,-,-,-,-,CL
11,95,-,-,-,-,-,-,CL
12,99,-,-,-,-,-,-,CL
0,IBP,35.2,95.4,35.2,1.0,95.3,1.8,CNS
1,5,102.2,216.0,104.6,10.9,220.2,19.6,CNS
2,10,150.8,303.4,144.7,13.3,292.5,23.9,CNS
3,20,201.3,394.3,196.7,14.3,386.1,25.7,CNS
4,30,246.0,474.8,234.9,16.1,454.8,29.0,CNS
5,40,281.7,539.1,266.0,17.6,510.9,31.7,CNS
6,50,312.9,595.2,293.3,19.2,560.0,34.6,CNS
7,60,343.5,650.3,320.3,21.0,608.6,37.8,CNS
8,70,374.4,705.9,348.0,22.8,658.4,41.0,CNS
9,80,410.2,770.4,380.0,24.7,715.9,44.5,CNS
10,90,450.0,842.0,421.1,23.2,790.0,41.8,CNS
11,95,482.3,900.1,454.6,22.1,850.3,39.8,CNS
12,99,549.1,1020.4,531.9,21.8,989.5,39.2,CNS
0,IBP,34.8,94.6,33.2,1.4,91.7,2.5,CNX
1,5,40.1,104.2,38.3,1.3,101.0,2.3,CNX
2,10,73.0,163.4,81.0,5.0,177.8,9.0,CNX
3,20,203.1,397.6,219.4,14.4,426.8,25.9,CNX
4,30,309.2,588.6,324.5,10.4,616.0,18.7,CNX
5,40,377.5,711.5,396.2,11.8,745.2,21.2,CNX
6,50,439.7,823.5,461.3,13.1,862.3,23.6,CNX
7,60,507.2,945.0,534.9,16.3,994.8,29.3,CNX
8,70,584.3,1083.7,618.4,19.7,1145.2,35.5,CNX
9,80,670.4,1238.7,-,-,-,-,CNX
10,90,-,-,-,-,-,-,CNX
11,95,-,-,-,-,-,-,CNX
12,99,-,-,-,-,-,-,CNX
0,IBP,34.6,94.3,35.0,2.8,95.0,5.0,F
1,5,47.4,117.3,102.7,25.3,216.8,45.5,F
2,10,121.8,251.2,162.4,19.2,324.4,34.6,F
3,20,232.2,450.0,252.3,11.4,486.1,20.5,F
4,30,319.0,606.2,321.6,9.0,610.8,16.2,F
5,40,388.6,731.5,385.3,10.1,725.5,18.2,F
6,50,451.6,844.9,445.6,11.2,834.1,20.2,F
7,60,520.5,968.9,510.5,13.9,950.8,25.0,F
8,70,601.1,1114.0,588.3,18.1,1091.0,32.6,F
9,80,704.8,1300.6,679.8,24.0,1255.7,43.2,F
10,90,-,-,-,-,-,-,F
11,95,-,-,-,-,-,-,F
12,99,-,-,-,-,-,-,F
0,IBP,34.7,94.5,33.7,1.2,92.6,2.2,FD
1,5,48.7,119.7,62.2,10.8,144.0,19.4,FD
2,10,95.7,204.3,93.4,7.6,200.1,13.7,FD
3,20,138.4,281.1,137.3,11.0,279.2,19.8,FD
4,30,176.3,349.3,179.3,12.6,354.8,22.7,FD
5,40,216.6,421.9,226.8,14.7,440.2,26.5,FD
6,50,267.0,512.6,280.1,13.8,536.1,24.8,FD
7,60,319.2,606.6,334.6,12.8,634.2,23.0,FD
8,70,378.7,713.7,396.7,13.8,746.1,24.8,FD
9,80,443.0,829.4,466.0,18.8,870.9,33.8,FD
10,90,533.5,992.3,567.4,26.1,1053.2,47.0,FD
11,95,613.0,1135.4,653.0,32.1,1207.4,57.8,FD
12,99,-,-,-,-,-,-,FD
0,IBP,33.1,91.6,34.2,1.0,93.5,1.8,FRB
1,5,45.6,114.1,42.7,6.3,108.9,11.3,FRB
2,10,102.8,217.0,95.5,14.2,203.8,25.6,FRB
3,20,242.7,468.9,260.4,10.9,500.8,19.6,FRB
4,30,330.2,626.4,341.2,7.1,646.2,12.8,FRB
5,40,396.8,746.2,407.4,6.8,765.3,12.2,FRB
6,50,462.4,864.3,470.3,7.1,878.5,12.8,FRB
7,60,539.1,1002.4,544.4,8.3,1011.9,14.9,FRB
8,70,625.9,1158.6,627.5,10.0,1161.5,18.0,FRB
9,80,718.0,1324.4,711.9,9.3,1313.4,16.7,FRB
10,90,-,-,-,-,-,-,FRB
11,95,-,-,-,-,-,-,FRB
12,99,-,-,-,-,-,-,FRB
0,IBP,35.1,95.2,34.0,1.9,93.2,3.4,HSB
1,5,111.4,232.5,128.3,18.2,263.0,32.8,HSB
2,10,171.2,340.2,185.2,14.9,365.3,26.8,HSB
3,20,244.7,472.5,247.5,11.4,477.5,20.5,HSB
4,30,288.7,551.7,284.5,11.1,544.0,20.0,HSB
5,40,319.6,607.3,312.8,10.0,595.0,18.0,HSB
6,50,346.5,655.7,338.6,9.7,641.5,17.5,HSB
7,60,371.3,700.3,364.3,8.8,687.8,15.8,HSB
8,70,398.2,748.8,392.1,8.4,737.7,15.1,HSB
9,80,425.9,798.6,421.9,7.5,791.5,13.5,HSB
10,90,464.8,868.6,460.8,7.8,861.4,14.0,HSB
11,95,496.6,925.9,491.5,9.1,916.8,16.4,HSB
12,99,596.4,1105.5,558.1,24.0,1036.5,43.2,HSB
0,IBP,35.4,95.7,10.3,19.0,50.5,34.2,HSC
1,5,109.7,229.5,91.2,22.3,196.1,40.1,HSC
2,10,161.7,323.1,145.2,23.3,293.4,41.9,HSC
3,20,222.0,431.6,216.0,18.9,420.8,34.0,HSC
4,30,264.0,507.2,259.4,16.3,498.9,29.3,HSC
5,40,297.6,567.7,293.7,14.0,560.6,25.2,HSC
6,50,327.2,621.0,322.7,12.4,612.8,22.3,HSC
7,60,357.3,675.1,350.9,11.3,663.6,20.3,HSC
8,70,388.8,731.8,380.3,11.0,716.6,19.8,HSC
9,80,422.5,792.5,413.8,10.0,776.9,18.0,HSC
10,90,466.8,872.2,457.7,10.5,855.8,18.9,HSC
11,95,502.7,936.9,496.2,17.3,925.1,31.1,HSC
12,99,596.4,1105.5,585.7,29.4,1086.2,52.9,HSC
0,IBP,33.0,91.4,34.2,0.9,93.6,1.6,KDB
1,5,51.1,124.0,40.0,3.4,103.9,6.1,KDB
2,10,100.4,212.7,76.5,17.0,169.6,30.6,KDB
3,20,247.9,478.2,259.3,31.1,498.7,56.0,KDB
4,30,340.4,644.7,354.2,16.2,669.5,29.2,KDB
5,40,407.6,765.7,418.3,14.3,784.9,25.7,KDB
6,50,468.1,874.6,479.6,15.8,895.4,28.4,KDB
7,60,537.5,999.5,548.6,15.8,1019.5,28.4,KDB
8,70,617.5,1143.5,624.0,17.1,1155.3,30.8,KDB
9,80,703.0,1297.4,698.5,17.3,1289.4,31.1,KDB
10,90,-,-,-,-,-,-,KDB
11,95,-,-,-,-,-,-,KDB
12,99,-,-,-,-,-,-,KDB
0,IBP,34.9,94.8,35.4,2.1,95.7,3.8,LCB
1,5,57.7,135.9,68.3,17.9,154.9,32.2,LCB
2,10,94.0,201.2,104.1,11.6,219.3,20.9,LCB
3,20,200.6,393.1,203.1,25.8,397.6,46.4,LCB
4,30,324.0,615.2,319.4,13.8,606.9,24.8,LCB
5,40,400.6,753.1,392.7,11.4,738.8,20.5,LCB
6,50,469.4,876.9,460.2,11.3,860.4,20.3,LCB
7,60,549.1,1020.4,538.7,13.3,1001.6,23.9,LCB
8,70,637.7,1179.9,624.5,16.2,1156.0,29.2,LCB
9,80,719.6,1327.3,702.2,19.9,1295.9,35.8,LCB
10,90,-,-,-,-,-,-,LCB
11,95,-,-,-,-,-,-,LCB
12,99,-,-,-,-,-,-,LCB
0,IBP,34.6,94.3,34.1,4.2,93.3,7.6,LLB
1,5,55.8,132.4,52.9,16.6,127.3,29.9,LLB
2,10,137.9,280.2,118.5,24.9,245.4,44.8,LLB
3,20,255.9,492.6,253.2,17.7,487.7,31.9,LLB
4,30,331.1,628.0,331.2,12.2,628.1,22.0,LLB
5,40,397.4,747.3,398.9,12.5,750.1,22.5,LLB
6,50,458.8,857.8,462.9,13.8,865.2,24.8,LLB
7,60,526.4,979.5,536.0,16.7,996.8,30.1,LLB
8,70,607.2,1125.0,618.5,18.5,1145.3,33.3,LLB
9,80,699.6,1291.3,698.4,16.0,1289.1,28.8,LLB
10,90,-,-,-,-,-,-,LLB
11,95,-,-,-,-,-,-,LLB
12,99,-,-,-,-,-,-,LLB
0,IBP,32.4,90.3,33.8,1.2,92.9,2.2,LLK
1,5,43.8,110.8,51.2,15.0,124.2,27.0,LLK
2,10,106.9,224.4,132.7,36.9,270.8,66.4,LLK
3,20,243.8,470.8,266.6,18.6,512.0,33.5,LLK
4,30,327.3,621.1,342.7,12.8,648.8,23.0,LLK
5,40,396.2,745.2,409.0,12.5,768.3,22.5,LLK
6,50,459.8,859.6,470.0,13.9,878.1,25.0,LLK
7,60,528.9,984.0,536.9,17.1,998.5,30.8,LLK
8,70,607.9,1126.2,612.8,20.6,1135.1,37.1,LLK
9,80,706.4,1303.5,690.5,19.5,1274.9,35.1,LLK
10,90,-,-,-,-,-,-,LLK
11,95,-,-,-,-,-,-,LLK
12,99,-,-,-,-,-,-,LLK
0,IBP,32.5,90.5,14.5,23.1,58.1,41.6,LSB
1,5,45.3,113.5,47.2,15.1,117.0,27.2,LSB
2,10,92.7,198.9,82.8,14.0,181.0,25.2,LSB
3,20,139.6,283.3,130.6,13.8,267.0,24.8,LSB
4,30,199.3,390.7,184.0,15.8,363.3,28.4,LSB
5,40,260.5,500.9,237.6,15.8,459.7,28.4,LSB
6,50,321.5,610.7,291.7,16.9,557.0,30.4,LSB
7,60,385.4,725.7,347.7,18.6,657.9,33.5,LSB
8,70,458.4,857.1,409.9,21.6,769.8,38.9,LSB
9,80,562.0,1043.6,485.8,30.1,906.4,54.2,LSB
10,90,-,-,601.8,44.0,1115.2,79.2,LSB
11,95,-,-,657.8,38.7,1216.0,69.7,LSB
12,99,-,-,690.5,16.7,1275.0,30.1,LSB
0,IBP,33.5,92.3,33.7,1.1,92.6,2.0,MBL
1,5,36.4,97.5,49.5,14.2,121.0,25.6,MBL
2,10,49.5,121.1,88.4,21.7,191.0,39.1,MBL
3,20,94.2,201.6,162.9,33.1,325.2,59.6,MBL
4,30,129.0,264.2,233.2,44.7,451.8,80.5,MBL
5,40,185.2,365.4,296.5,44.5,565.8,80.1,MBL
6,50,264.2,507.6,359.4,39.2,678.9,70.6,MBL
7,60,343.2,649.8,421.2,34.4,790.2,61.9,MBL
8,70,428.3,802.9,492.1,34.2,917.7,61.6,MBL
9,80,534.5,994.1,584.0,39.5,1083.1,71.1,MBL
10,90,706.3,1303.3,685.6,27.2,1266.0,49.0,MBL
11,95,-,-,-,-,-,-,MBL
12,99,-,-,-,-,-,-,MBL
0,IBP,34.6,94.3,33.8,1.2,92.8,2.2,MGS
1,5,54.8,130.6,41.7,6.8,107.0,12.2,MGS
2,10,93.3,199.9,68.2,17.1,154.7,30.8,MGS
3,20,155.9,312.6,108.6,21.9,227.5,39.4,MGS
4,30,214.3,417.7,167.3,35.0,333.1,63.0,MGS
5,40,275.9,528.6,247.0,49.0,476.7,88.2,MGS
6,50,334.6,634.3,328.7,50.8,623.7,91.4,MGS
7,60,397.0,746.6,406.9,50.6,764.5,91.1,MGS
8,70,464.0,867.2,488.3,57.8,911.0,104.0,MGS
9,80,549.6,1021.3,587.8,66.1,1090.0,119.0,MGS
10,90,692.7,1278.9,665.9,37.9,1230.5,68.2,MGS
11,95,-,-,-,-,-,-,MGS
12,99,-,-,-,-,-,-,MGS
0,IBP,35.0,95.0,33.4,1.5,92.2,2.7,MJT
1,5,63.8,146.8,51.7,9.6,125.0,17.3,MJT
2,10,128.1,262.6,93.8,20.3,200.9,36.5,MJT
3,20,169.1,336.4,138.8,18.9,281.9,34.0,MJT
4,30,196.6,385.9,169.4,16.0,337.0,28.8,MJT
5,40,267.3,513.1,232.9,34.2,451.3,61.6,MJT
6,50,311.8,593.2,310.1,25.0,590.2,45.0,MJT
7,60,345.8,654.4,350.2,21.3,662.4,38.3,MJT
8,70,375.2,707.4,381.3,18.5,718.4,33.3,MJT
9,80,404.8,760.6,410.7,15.0,771.2,27.0,MJT
10,90,436.5,817.7,449.4,18.7,840.9,33.7,MJT
11,95,467.3,873.1,488.2,23.1,910.7,41.6,MJT
12,99,571.5,1060.7,571.5,38.2,1060.6,68.8,MJT
0,IBP,34.4,93.9,33.7,1.6,92.6,2.9,MPR
1,5,56.6,133.9,53.0,13.2,127.5,23.8,MPR
2,10,101.0,213.8,87.6,10.5,189.6,18.9,MPR
3,20,144.5,292.1,128.5,10.7,263.2,19.3,MPR
4,30,188.0,370.4,172.3,11.8,342.1,21.2,MPR
5,40,240.6,465.1,220.6,16.0,429.1,28.8,MPR
6,50,298.8,569.8,275.3,16.4,527.5,29.5,MPR
7,60,356.2,673.2,331.2,15.7,628.1,28.3,MPR
8,70,422.4,792.3,394.6,16.2,742.3,29.2,MPR
9,80,512.4,954.3,467.7,18.4,873.8,33.1,MPR
10,90,681.9,1259.4,579.3,33.2,1074.7,59.8,MPR
11,95,-,-,653.3,30.9,1208.0,55.6,MPR
12,99,-,-,-,-,-,-,MPR
0,IBP,34.6,94.3,6.7,22.8,44.0,41.0,MSB
1,5,51.3,124.3,45.3,18.0,113.6,32.4,MSB
2,10,91.4,196.5,85.5,16.6,185.8,29.9,MSB
3,20,154.7,310.5,142.7,25.0,288.9,45.0,MSB
4,30,208.7,407.7,203.2,30.5,397.8,54.9,MSB
5,40,264.8,508.6,267.3,29.4,513.2,52.9,MSB
6,50,319.9,607.8,328.4,28.4,623.2,51.1,MSB
7,60,377.3,711.1,389.6,29.3,733.4,52.7,MSB
8,70,435.4,815.7,456.2,33.5,853.2,60.3,MSB
9,80,507.5,945.5,542.8,44.4,1009.1,79.9,MSB
10,90,618.6,1145.5,652.1,42.9,1205.7,77.2,MSB
11,95,709.9,1309.8,663.2,34.3,1225.8,61.7,MSB
12,99,-,-,-,-,-,-,MSB
0,IBP,34.5,94.1,33.5,1.4,92.2,2.5,MSE
1,5,35.6,96.1,59.6,21.7,139.3,39.1,MSE
2,10,105.1,221.2,100.1,13.7,212.2,24.7,MSE
3,20,160.3,320.5,160.5,10.5,320.9,18.9,MSE
4,30,216.4,421.5,219.6,9.4,427.2,16.9,MSE
5,40,270.4,518.7,274.4,9.1,525.9,16.4,MSE
6,50,322.3,612.1,326.0,9.1,618.8,16.4,MSE
7,60,378.6,713.5,382.5,10.0,720.5,18.0,MSE
8,70,434.6,814.3,440.2,11.5,824.3,20.7,MSE
9,80,512.0,953.6,514.8,14.2,958.6,25.6,MSE
10,90,619.8,1147.6,620.9,26.2,1149.6,47.2,MSE
11,95,709.7,1309.5,679.9,17.5,1255.8,31.5,MSE
12,99,-,-,-,-,-,-,MSE
0,IBP,31.2,88.2,33.8,1.5,92.8,2.7,MSM
1,5,76.9,170.4,71.6,10.7,160.8,19.3,MSM
2,10,100.2,212.4,103.4,8.8,218.2,15.8,MSM
3,20,156.7,314.1,163.7,13.0,326.7,23.4,MSM
4,30,214.2,417.6,224.6,14.3,436.3,25.7,MSM
5,40,270.3,518.5,284.6,14.2,544.2,25.6,MSM
6,50,328.5,623.3,343.9,15.0,651.1,27.0,MSM
7,60,390.6,735.1,406.6,15.8,763.8,28.4,MSM
8,70,455.3,851.5,472.7,18.2,882.9,32.8,MSM
9,80,532.1,989.8,557.4,26.1,1035.3,47.0,MSM
10,90,649.3,1200.7,670.0,30.3,1238.0,54.5,MSM
11,95,-,-,685.6,29.5,1266.1,53.1,MSM
12,99,-,-,-,-,-,-,MSM
0,IBP,34.4,93.9,12.6,22.6,54.7,40.7,MSW
1,5,44.9,112.8,42.4,12.4,108.3,22.3,MSW
2,10,94.7,202.5,81.0,11.5,177.8,20.7,MSW
3,20,128.5,263.3,124.9,11.7,256.8,21.1,MSW
4,30,176.3,349.3,175.0,16.3,347.0,29.3,MSW
5,40,234.2,453.6,232.2,16.9,450.0,30.4,MSW
6,50,292.0,557.6,288.3,16.4,550.9,29.5,MSW
7,60,349.3,660.7,345.0,17.5,653.1,31.5,MSW
8,70,412.4,774.3,407.7,18.7,765.9,33.7,MSW
9,80,490.5,914.9,479.6,24.1,895.3,43.4,MSW
10,90,607.6,1125.7,586.2,36.5,1087.2,65.7,MSW
11,95,-,-,655.2,35.7,1211.4,64.3,MSW
12,99,-,-,684.6,13.8,1264.2,24.8,MSW
0,IBP,34.2,93.6,-2.5,20.4,27.5,36.7,MSW(S)
1,5,47.7,117.9,37.7,12.1,99.9,21.8,MSW(S)
2,10,109.0,228.2,85.8,12.2,186.5,22.0,MSW(S)
3,20,159.6,319.3,138.5,16.2,281.3,29.2,MSW(S)
4,30,219.2,426.6,197.9,21.1,388.1,38.0,MSW(S)
5,40,275.5,527.9,254.3,17.8,489.7,32.0,MSW(S)
6,50,328.7,623.7,307.6,17.0,585.7,30.6,MSW(S)
7,60,385.5,725.9,363.0,18.0,685.4,32.4,MSW(S)
8,70,443.8,830.8,422.3,17.7,792.2,31.9,MSW(S)
9,80,522.0,971.6,494.9,21.8,922.7,39.2,MSW(S)
10,90,653.0,1207.4,609.1,30.4,1128.5,54.7,MSW(S)
11,95,-,-,680.7,23.3,1257.3,41.9,MSW(S)
12,99,-,-,-,-,-,-,MSW(S)
0,IBP,31.0,87.8,33.3,1.4,92.0,2.5,MSY
1,5,68.5,155.3,53.1,16.1,127.5,29.0,MSY
2,10,101.2,214.2,97.9,13.5,208.3,24.3,MSY
3,20,157.2,315.0,158.7,10.9,317.6,19.6,MSY
4,30,218.7,425.7,219.5,9.9,427.1,17.8,MSY
5,40,271.8,521.2,275.5,9.3,527.8,16.7,MSY
6,50,323.3,613.9,328.1,9.3,622.6,16.7,MSY
7,60,379.4,714.9,385.7,10.2,726.3,18.4,MSY
8,70,436.4,817.5,445.0,11.3,832.9,20.3,MSY
9,80,504.4,939.9,520.6,13.3,969.1,23.9,MSY
10,90,603.5,1118.3,630.1,22.4,1166.2,40.3,MSY
11,95,681.6,1258.9,694.0,17.3,1281.1,31.1,MSY
12,99,-,-,-,-,-,-,MSY
0,IBP,33.7,92.7,34.7,1.4,94.5,2.5,OSA
1,5,105.7,222.3,100.1,15.6,212.2,28.1,OSA
2,10,150.4,302.7,144.7,15.6,292.4,28.1,OSA
3,20,198.6,389.5,203.1,12.0,397.7,21.6,OSA
4,30,238.8,461.8,248.1,10.3,478.7,18.5,OSA
5,40,273.1,523.6,283.8,8.9,542.8,16.0,OSA
6,50,303.0,577.4,312.9,7.6,595.2,13.7,OSA
7,60,330.0,626.0,339.9,7.5,643.8,13.5,OSA
8,70,356.4,673.5,366.4,7.3,691.4,13.1,OSA
9,80,386.3,727.3,396.4,7.7,745.4,13.9,OSA
10,90,425.3,797.5,434.1,7.1,813.4,12.8,OSA
11,95,463.6,866.5,466.6,6.7,871.8,12.1,OSA
12,99,557.5,1035.5,539.0,20.8,1002.2,37.4,OSA
0,IBP,35.4,95.7,35.5,2.6,96.0,4.7,OSH
1,5,172.7,342.9,144.3,19.5,291.7,35.1,OSH
2,10,270.5,518.9,259.0,16.0,498.2,28.8,OSH
3,20,328.1,622.6,325.4,6.8,617.7,12.2,OSH
4,30,357.0,674.6,353.4,5.8,668.2,10.4,OSH
5,40,379.4,714.9,375.2,5.9,707.3,10.6,OSH
6,50,401.0,753.8,395.6,6.1,744.1,11.0,OSH
7,60,418.7,785.7,414.9,6.0,778.7,10.8,OSH
8,70,435.9,816.6,433.9,6.8,813.1,12.2,OSH
9,80,463.9,867.0,458.3,8.4,856.9,15.1,OSH
10,90,510.5,950.9,498.7,24.8,929.7,44.6,OSH
11,95,620.2,1148.4,572.2,66.1,1062.0,119.0,OSH
12,99,-,-,625.9,29.6,1158.5,53.3,OSH
0,IBP,34.6,94.3,33.9,0.8,93.1,1.4,P
1,5,59.2,138.6,52.7,12.2,126.9,22.0,P
2,10,111.3,232.3,89.6,10.3,193.3,18.5,P
3,20,157.1,314.8,133.4,11.4,272.2,20.5,P
4,30,197.3,387.1,179.9,11.8,355.9,21.2,P
5,40,249.7,481.5,234.9,13.1,454.7,23.6,P
6,50,306.8,584.2,293.8,12.2,560.8,22.0,P
7,60,366.9,692.4,353.6,13.0,668.5,23.4,P
8,70,428.4,803.1,418.7,13.4,785.6,24.1,P
9,80,509.8,949.6,494.7,18.9,922.4,34.0,P
10,90,632.9,1171.2,608.9,35.7,1128.1,64.3,P
11,95,-,-,671.8,35.1,1241.3,63.2,P
12,99,-,-,-,-,-,-,P
0,IBP,61.3,142.3,71.4,17.7,160.6,31.9,PAS
1,5,149.2,300.6,144.5,9.9,292.2,17.8,PAS
2,10,176.8,350.2,175.5,7.4,348.0,13.3,PAS
3,20,218.4,425.1,215.6,8.2,420.1,14.8,PAS
4,30,250.9,483.6,246.0,9.3,474.8,16.7,PAS
5,40,279.0,534.2,272.4,10.4,522.4,18.7,PAS
6,50,305.4,581.7,296.9,11.4,566.5,20.5,PAS
7,60,331.9,629.4,320.9,13.1,609.6,23.6,PAS
8,70,361.7,683.1,346.9,15.6,656.4,28.1,PAS
9,80,399.2,750.6,378.0,19.1,712.4,34.4,PAS
10,90,451.0,843.8,421.3,23.0,790.3,41.4,PAS
11,95,498.1,928.6,458.9,26.4,858.0,47.5,PAS
12,99,591.5,1096.7,537.3,31.4,999.2,56.5,PAS
0,IBP,34.9,94.8,13.9,19.0,57.0,34.2,PCH
1,5,48.1,118.6,55.5,19.0,131.9,34.2,PCH
2,10,113.8,236.8,116.8,22.6,242.2,40.7,PCH
3,20,243.3,469.9,241.0,18.1,465.8,32.6,PCH
4,30,323.8,614.8,325.7,16.0,618.3,28.8,PCH
5,40,391.8,737.2,394.4,16.0,742.0,28.8,PCH
6,50,452.6,846.7,457.0,16.1,854.6,29.0,PCH
7,60,516.4,961.5,523.1,16.7,973.6,30.1,PCH
8,70,588.9,1092.0,599.6,19.3,1111.2,34.7,PCH
9,80,673.5,1244.3,688.5,22.2,1271.4,40.0,PCH
10,90,-,-,-,-,-,-,PCH
11,95,-,-,-,-,-,-,PCH
12,99,-,-,-,-,-,-,PCH
0,IBP,34.6,94.3,33.9,1.1,92.9,2.0,PLS
1,5,52.3,126.1,54.1,14.2,129.4,25.6,PLS
2,10,85.6,186.1,85.2,10.9,185.4,19.6,PLS
3,20,133.5,272.3,126.1,12.1,259.0,21.8,PLS
4,30,178.8,353.8,170.8,11.9,339.4,21.4,PLS
5,40,234.7,454.5,223.2,13.5,433.8,24.3,PLS
6,50,295.3,563.5,280.4,14.2,536.7,25.6,PLS
7,60,357.2,675.0,339.5,17.1,643.1,30.8,PLS
8,70,427.7,801.9,406.3,20.7,763.4,37.3,PLS
9,80,513.1,955.6,484.1,30.0,903.4,54.0,PLS
10,90,645.2,1193.4,597.2,46.3,1107.0,83.3,PLS
11,95,-,-,651.1,29.2,1203.9,52.6,PLS
12,99,-,-,-,-,-,-,PLS
0,IBP,34.1,93.4,35.7,3.9,96.3,7.0,PSC
1,5,95.0,203.0,94.6,14.6,202.3,26.3,PSC
2,10,118.1,244.6,126.1,21.4,259.0,38.5,PSC
3,20,164.8,328.6,178.1,29.1,352.5,52.4,PSC
4,30,203.1,397.6,217.8,30.9,424.1,55.6,PSC
5,40,234.5,454.1,251.2,31.7,484.1,57.1,PSC
6,50,264.9,508.8,282.3,31.4,540.2,56.5,PSC
7,60,294.9,562.8,313.8,30.7,596.9,55.3,PSC
8,70,327.0,620.6,347.7,29.8,657.9,53.6,PSC
9,80,365.4,689.7,387.8,27.3,730.1,49.1,PSC
10,90,419.7,787.5,439.7,21.9,823.4,39.4,PSC
11,95,463.8,866.8,479.3,17.7,894.8,31.9,PSC
12,99,546.5,1015.7,550.9,24.5,1023.6,44.1,PSC
0,IBP,34.0,93.2,34.9,2.3,94.8,4.1,PSH
1,5,124.3,255.7,112.0,20.9,233.6,37.6,PSH
2,10,187.9,370.2,175.7,22.9,348.3,41.2,PSH
3,20,260.8,501.4,259.0,18.5,498.2,33.3,PSH
4,30,314.5,598.1,316.5,13.8,601.7,24.8,PSH
5,40,362.3,684.1,366.4,12.6,691.5,22.7,PSH
6,50,408.1,766.6,415.3,14.0,779.6,25.2,PSH
7,60,454.2,849.6,468.2,21.1,874.8,38.0,PSH
8,70,517.9,964.2,545.4,35.1,1013.7,63.2,PSH
9,80,638.8,1181.8,653.2,32.8,1207.8,59.0,PSH
10,90,-,-,-,-,-,-,PSH
11,95,-,-,-,-,-,-,PSH
12,99,-,-,-,-,-,-,PSH
0,IBP,99.5,211.1,17.1,20.8,62.7,37.4,PSY
1,5,153.7,308.7,103.6,22.6,218.5,40.7,PSY
2,10,187.8,370.0,151.6,20.7,304.9,37.3,PSY
3,20,230.4,446.7,209.2,14.9,408.6,26.8,PSY
4,30,262.8,505.0,246.9,13.6,476.4,24.5,PSY
5,40,291.4,556.5,278.6,13.6,533.4,24.5,PSY
6,50,316.7,602.1,306.7,13.6,584.1,24.5,PSY
7,60,344.0,651.2,334.4,14.4,633.8,25.9,PSY
8,70,372.4,702.3,363.5,15.1,686.3,27.2,PSY
9,80,408.7,767.7,398.0,16.2,748.5,29.2,PSY
10,90,454.4,849.9,444.4,16.3,831.9,29.3,PSY
11,95,494.8,922.6,484.9,17.1,904.9,30.8,PSY
12,99,601.2,1114.2,575.9,25.2,1068.6,45.4,PSY
0,IBP,35.4,95.7,35.0,1.4,95.0,2.5,PXB
1,5,131.2,268.2,137.8,9.4,280.1,16.9,PXB
2,10,202.8,397.0,190.8,6.9,375.4,12.4,PXB
3,20,270.5,518.9,260.2,9.0,500.3,16.2,PXB
4,30,319.0,606.2,310.1,10.0,590.2,18.0,PXB
5,40,362.3,684.1,353.7,12.0,668.6,21.6,PXB
6,50,407.5,765.5,397.8,14.7,748.0,26.5,PXB
7,60,456.8,854.2,444.7,17.8,832.5,32.0,PXB
8,70,535.2,995.4,513.2,28.3,955.8,50.9,PXB
9,80,671.9,1241.4,635.0,43.6,1175.0,78.5,PXB
10,90,-,-,-,-,-,-,PXB
11,95,-,-,-,-,-,-,PXB
12,99,-,-,-,-,-,-,PXB
0,IBP,33.2,91.8,33.8,1.0,92.8,1.8,RA
1,5,61.0,141.8,52.9,13.2,127.2,23.8,RA
2,10,87.1,188.8,91.8,10.9,197.2,19.6,RA
3,20,136.8,278.2,141.8,11.2,287.3,20.2,RA
4,30,185.1,365.2,189.0,11.5,372.2,20.7,RA
5,40,237.1,458.8,241.0,12.6,465.8,22.7,RA
6,50,295.3,563.5,296.0,11.7,564.8,21.1,RA
7,60,354.6,670.3,352.3,12.2,666.2,22.0,RA
8,70,419.3,786.7,415.7,12.2,780.3,22.0,RA
9,80,488.9,912.0,487.3,16.6,909.2,29.9,RA
10,90,596.1,1105.0,598.1,32.4,1108.5,58.3,RA
11,95,704.4,1299.9,669.2,37.6,1236.6,67.7,RA
12,99,-,-,696.3,8.5,1285.3,15.3,RA
0,IBP,35.2,95.4,34.2,2.2,93.6,4.0,SC
1,5,46.5,115.7,65.1,17.0,149.1,30.6,SC
2,10,154.3,309.7,145.6,24.0,294.1,43.2,SC
3,20,274.3,525.7,263.0,12.0,505.4,21.6,SC
4,30,345.6,654.1,334.9,9.6,634.8,17.3,SC
5,40,409.7,769.5,399.7,9.8,751.4,17.6,SC
6,50,471.2,880.2,461.2,10.8,862.1,19.4,SC
7,60,540.6,1005.1,529.7,13.1,985.5,23.6,SC
8,70,619.8,1147.6,608.2,16.4,1126.8,29.5,SC
9,80,714.2,1317.6,690.0,18.9,1274.0,34.0,SC
10,90,-,-,-,-,-,-,SC
11,95,-,-,-,-,-,-,SC
12,99,-,-,-,-,-,-,SC
0,IBP,35.0,95.0,35.0,0.6,95.0,1.1,SCS
1,5,111.0,231.8,109.6,12.8,229.3,23.0,SCS
2,10,174.4,345.9,166.6,23.4,331.9,42.1,SCS
3,20,247.0,476.6,242.8,28.9,469.1,52.0,SCS
4,30,300.6,573.1,300.1,28.7,572.1,51.7,SCS
5,40,350.3,662.5,352.4,25.6,666.4,46.1,SCS
6,50,401.0,753.8,408.5,24.8,767.3,44.6,SCS
7,60,454.1,849.4,472.9,28.0,883.2,50.4,SCS
8,70,531.3,988.3,559.9,37.1,1039.9,66.8,SCS
9,80,639.0,1182.2,665.2,43.8,1229.3,78.8,SCS
10,90,-,-,-,-,-,-,SCS
11,95,-,-,-,-,-,-,SCS
12,99,-,-,-,-,-,-,SCS
0,IBP,34.7,94.5,34.2,1.9,93.5,3.4,SH
1,5,70.5,158.9,59.8,17.8,139.6,32.0,SH
2,10,130.6,267.1,110.3,20.6,230.5,37.1,SH
3,20,234.3,453.7,222.2,25.2,432.0,45.4,SH
4,30,312.7,594.9,313.1,19.4,595.5,34.9,SH
5,40,385.4,725.7,391.8,18.8,737.2,33.8,SH
6,50,455.3,851.5,466.8,19.3,872.3,34.7,SH
7,60,529.9,985.8,548.1,22.0,1018.6,39.6,SH
8,70,614.0,1137.2,632.2,20.7,1169.9,37.3,SH
9,80,704.5,1300.1,703.6,14.0,1298.4,25.2,SH
10,90,-,-,-,-,-,-,SH
11,95,-,-,-,-,-,-,SH
12,99,-,-,-,-,-,-,SH
0,IBP,34.5,94.1,35.3,1.1,95.6,2.0,SHB
1,5,113.9,237.0,127.5,15.3,261.5,27.5,SHB
2,10,190.4,374.7,188.5,12.2,371.4,22.0,SHB
3,20,261.0,501.8,258.8,9.5,497.9,17.1,SHB
4,30,310.4,590.7,309.4,9.6,589.0,17.3,SHB
5,40,356.3,673.3,355.5,11.3,671.9,20.3,SHB
6,50,403.6,758.5,405.0,14.1,761.0,25.4,SHB
7,60,454.5,850.1,462.0,20.4,863.6,36.7,SHB
8,70,534.0,993.2,545.6,33.3,1014.0,59.9,SHB
9,80,653.4,1208.1,651.1,30.8,1204.0,55.4,SHB
10,90,-,-,701.7,13.7,1295.0,24.7,SHB
11,95,-,-,-,-,-,-,SHB
12,99,-,-,-,-,-,-,SHB
0,IBP,38.4,101.1,36.4,2.8,97.5,5.0,SHD
1,5,42.3,108.1,41.4,1.3,106.4,2.3,SHD
2,10,97.8,208.0,93.4,6.2,200.1,11.2,SHD
3,20,230.7,447.3,231.3,0.8,448.3,1.4,SHD
4,30,342.2,648.0,338.2,5.7,640.8,10.3,SHD
5,40,414.5,778.1,409.2,7.5,768.6,13.5,SHD
6,50,479.4,894.9,476.4,4.2,889.5,7.6,SHD
7,60,553.4,1028.1,552.2,1.7,1026.0,3.1,SHD
8,70,634.4,1173.9,634.8,0.5,1174.6,0.9,SHD
9,80,713.1,1315.6,-,-,-,-,SHD
10,90,-,-,-,-,-,-,SHD
11,95,-,-,-,-,-,-,SHD
12,99,-,-,-,-,-,-,SHD
0,IBP,34.0,93.2,34.5,0.6,94.0,1.1,SMA
1,5,69.8,157.6,85.9,12.8,186.5,23.0,SMA
2,10,148.4,299.1,161.1,11.8,322.0,21.2,SMA
3,20,260.4,500.7,252.2,13.2,486.0,23.8,SMA
4,30,323.2,613.8,317.5,8.5,603.4,15.3,SMA
5,40,377.9,712.2,371.5,8.5,700.6,15.3,SMA
6,50,432.1,809.8,425.4,8.9,797.7,16.0,SMA
7,60,495.5,923.9,489.1,12.1,912.3,21.8,SMA
8,70,591.2,1096.2,582.2,15.8,1080.0,28.4,SMA
9,80,705.1,1301.2,695.7,15.8,1284.2,28.4,SMA
10,90,-,-,-,-,-,-,SMA
11,95,-,-,-,-,-,-,SMA
12,99,-,-,-,-,-,-,SMA
0,IBP,34.7,94.5,33.9,1.7,92.9,3.1,SPR
1,5,52.1,125.8,53.1,14.3,127.6,25.7,SPR
2,10,108.4,227.1,91.1,12.5,196.0,22.5,SPR
3,20,146.2,295.2,143.9,16.9,290.9,30.4,SPR
4,30,188.5,371.3,198.1,21.9,388.7,39.4,SPR
5,40,242.2,468.0,257.7,26.5,495.9,47.7,SPR
6,50,300.6,573.1,318.2,28.2,604.8,50.8,SPR
7,60,359.1,678.4,381.8,31.0,719.2,55.8,SPR
8,70,425.0,797.0,454.0,35.0,849.3,63.0,SPR
9,80,509.5,949.1,545.5,44.9,1013.8,80.8,SPR
10,90,639.1,1182.4,655.5,42.3,1212.0,76.1,SPR
11,95,-,-,683.9,23.5,1262.9,42.3,SPR
12,99,-,-,-,-,-,-,SPR
0,IBP,35.1,95.2,34.3,2.1,93.8,3.8,SSP
1,5,124.1,255.4,99.8,11.5,211.6,20.7,SSP
2,10,158.6,317.5,143.5,12.7,290.3,22.9,SSP
3,20,210.7,411.3,205.4,11.1,401.7,20.0,SSP
4,30,253.4,488.1,249.3,11.2,480.7,20.2,SSP
5,40,289.9,553.8,285.8,11.0,546.4,19.8,SSP
6,50,323.8,614.8,318.8,10.7,605.9,19.3,SSP
7,60,358.3,676.9,352.1,10.4,665.7,18.7,SSP
8,70,394.3,741.7,386.3,10.4,727.4,18.7,SSP
9,80,427.0,800.6,422.4,9.2,792.3,16.6,SSP
10,90,478.3,892.9,466.7,9.1,872.1,16.4,SSP
11,95,518.1,964.6,500.8,9.9,933.4,17.8,SSP
12,99,615.5,1139.9,571.3,18.3,1060.3,32.9,SSP
0,IBP,32.8,91.0,38.6,6.4,101.4,11.5,SSX
1,5,131.9,269.4,104.6,20.9,220.2,37.6,SSX
2,10,174.9,346.8,153.0,28.6,307.5,51.5,SSX
3,20,263.0,505.4,252.0,16.3,485.6,29.3,SSX
4,30,308.0,586.4,302.1,10.9,575.7,19.6,SSX
5,40,337.5,639.5,332.1,11.2,629.8,20.2,SSX
6,50,362.0,683.6,356.4,11.4,673.5,20.5,SSX
7,60,384.4,723.9,378.3,12.1,713.0,21.8,SSX
8,70,407.7,765.9,401.2,13.0,754.2,23.4,SSX
9,80,432.1,809.8,427.9,13.4,802.2,24.1,SSX
10,90,472.2,882.0,466.5,13.2,871.7,23.8,SSX
11,95,504.2,939.6,497.8,11.7,928.0,21.1,SSX
12,99,559.6,1039.3,559.0,10.6,1038.1,19.1,SSX
0,IBP,-0.5,31.1,16.0,18.2,60.7,32.8,SYB
1,5,99.2,210.6,93.5,18.9,200.3,34.0,SYB
2,10,183.1,361.6,168.5,22.0,335.3,39.6,SYB
3,20,267.3,513.1,256.0,11.7,492.7,21.1,SYB
4,30,321.6,610.9,314.6,11.8,598.2,21.2,SYB
5,40,365.6,690.1,365.2,14.1,689.4,25.4,SYB
6,50,412.0,773.6,417.6,19.5,783.7,35.1,SYB
7,60,465.9,870.6,477.6,27.7,891.7,49.9,SYB
8,70,549.9,1021.8,561.6,34.0,1042.8,61.2,SYB
9,80,663.2,1225.8,662.7,26.6,1224.8,47.9,SYB
10,90,-,-,-,-,-,-,SYB
11,95,-,-,-,-,-,-,SYB
12,99,-,-,-,-,-,-,SYB
0,IBP,35.3,95.5,12.0,17.6,53.6,31.7,SYN
1,5,101.9,215.4,83.6,17.3,182.4,31.1,SYN
2,10,155.0,311.0,131.5,18.9,268.7,34.0,SYN
3,20,219.7,427.5,204.1,13.1,399.5,23.6,SYN
4,30,263.5,506.3,248.4,10.9,479.2,19.6,SYN
5,40,298.7,569.7,284.6,10.0,544.3,18.0,SYN
6,50,329.1,624.4,315.9,9.2,600.6,16.6,SYN
7,60,358.6,677.5,346.9,9.1,656.5,16.4,SYN
8,70,388.6,731.5,378.6,9.3,713.4,16.7,SYN
9,80,421.6,790.9,414.2,9.4,777.5,16.9,SYN
10,90,465.7,870.3,459.7,11.6,859.5,20.9,SYN
11,95,502.4,936.3,497.9,14.6,928.2,26.3,SYN
12,99,597.2,1107.0,588.0,28.9,1090.3,52.0,SYN
0,IBP,33.8,92.8,34.7,2.0,94.4,3.6,WCB
1,5,101.3,214.3,85.6,18.4,186.2,33.1,WCB
2,10,163.1,325.6,163.8,23.7,326.9,42.7,WCB
3,20,254.8,490.6,264.9,11.0,508.9,19.8,WCB
4,30,319.7,607.5,330.6,9.7,627.0,17.5,WCB
5,40,384.3,723.7,392.8,10.2,739.0,18.4,WCB
6,50,447.6,837.7,452.8,11.4,847.0,20.5,WCB
7,60,516.7,962.1,521.1,14.3,970.1,25.7,WCB
8,70,602.0,1115.6,601.7,17.5,1115.1,31.5,WCB
9,80,702.2,1296.0,686.2,19.6,1267.2,35.3,WCB
10,90,-,-,-,-,-,-,WCB
11,95,-,-,-,-,-,-,WCB
12,99,-,-,-,-,-,-,WCB
0,IBP,31.1,88.0,18.4,21.6,65.1,38.9,WCS
1,5,41.0,105.8,49.7,15.2,121.5,27.4,WCS
2,10,94.5,202.1,118.5,28.3,245.3,50.9,WCS
3,20,215.2,419.4,253.6,19.5,488.6,35.1,WCS
4,30,305.8,582.4,331.3,13.3,628.4,23.9,WCS
5,40,375.3,707.5,397.7,13.1,747.8,23.6,WCS
6,50,440.6,825.1,460.8,13.8,861.4,24.8,WCS
7,60,508.1,946.6,532.8,16.2,991.1,29.2,WCS
8,70,587.0,1088.6,615.1,17.6,1139.2,31.7,WCS
9,80,673.2,1243.8,697.4,17.0,1287.4,30.6,WCS
10,90,-,-,-,-,-,-,WCS
11,95,-,-,-,-,-,-,WCS
12,99,-,-,-,-,-,-,WCS
0,IBP,35.0,95.0,33.8,1.4,92.8,2.5,WDB
1,5,39.1,102.4,40.4,3.4,104.8,6.1,WDB
2,10,68.9,156.0,84.3,13.2,183.8,23.8,WDB
3,20,200.0,392.0,233.1,22.6,451.7,40.7,WDB
4,30,317.2,603.0,333.1,12.4,631.6,22.3,WDB
5,40,391.0,735.8,404.1,9.2,759.4,16.6,WDB
6,50,456.4,853.5,469.2,8.5,876.6,15.3,WDB
7,60,529.7,985.5,543.5,8.8,1010.3,15.8,WDB
8,70,613.8,1136.8,626.7,7.9,1160.1,14.2,WDB
9,80,705.1,1301.2,710.9,6.4,1311.6,11.5,WDB
10,90,-,-,-,-,-,-,WDB
11,95,-,-,-,-,-,-,WDB
12,99,-,-,-,-,-,-,WDB
0,IBP,34.7,94.5,33.9,1.5,92.9,2.7,WH
1,5,107.0,224.6,84.8,16.4,184.6,29.5,WH
2,10,159.7,319.5,145.9,19.1,294.5,34.4,WH
3,20,250.5,482.9,245.5,15.3,474.0,27.5,WH
4,30,321.7,611.1,320.3,12.5,608.5,22.5,WH
5,40,389.6,733.3,390.3,12.7,734.5,22.9,WH
6,50,456.2,853.2,458.8,12.6,857.8,22.7,WH
7,60,531.2,988.2,534.2,13.8,993.6,24.8,WH
8,70,614.8,1138.6,617.7,14.6,1143.8,26.3,WH
9,80,711.7,1313.1,698.6,12.8,1289.4,23.0,WH
10,90,-,-,-,-,-,-,WH
11,95,-,-,-,-,-,-,WH
12,99,-,-,-,-,-,-,WH
